"Date last seen"	"Version"	"# genes"	"# patients"	"# variants"	"# unique variants"	"DB name"	"DB location"	"Genes"
"2011-09-15"	"2.0-32b"	"92"	"21289"	"64898"	"9065"	"Leiden Muscular Dystrophy pages"	"http://www.dmd.nl/nmdb2/"	"ACTA1,ACTC1,AGRN,ANO5,BAG3,BIN1,CAPN3,CAV3,CFL2,CHAT,CHKB,CHRNA1,CHRNB1,CHRND,CHRNE,CNTN1,COL6A1,COL6A2,COL6A3,COLQ,CRYAB,DAG1,DES,DMD,DMD_d,DNM2,DOK7,DPM3,DTNA,DYSF,EMD,FHL1,FKRP,FKTN,FLNC,GFPT1,GK,GNE,IGHMBP2,ISCU,ITGA7,KBTBD13,LAMA2,LAMP2,LARGE,LDB3,LMNA,MATR3,MSTN,MTM1,MTMR14,MUSK,MYBPC3,MYH7,MYL2,MYL3,MYOT,NEB,PABPN1,PLEC,POMGNT1,POMT1,POMT2,PTRF,RAPSN,RYR1,SEPN1,SGCA,SGCB,SGCD,SGCE,SGCG,SGCZ,SMN1,SSPN,SYNE1,SYNE2,TCAP,TNNI2,TNNI3,TNNT1,TNNT2,TNNT3,TPM1,TPM2,TPM3,TRIM32,TTN,TTR,VCP,VMA21,ZMPSTE24"
"2011-09-15"	"2.0-32b"	"10"	"17188"	"27127"	"4406"	"Colon cancer gene variant databases"	"http://chromium.liacs.nl/LOVD2/colon_cancer/"	"APC,CDH1,EPCAM,MLH1,MLH3,MSH2,MSH6,MUTYH,PMS1,PMS2"
"2011-09-15"	"2.0-32b"	"542"	"4470"	"27093"	"3270"	"Mental Retardation database"	"http://grenada.lumc.nl/LOVD2/MR/"	"ABCB7,ABCD1,ACE2,ACOT9,ACSL4,ACTRT1,AFF2,AGTR2,AIFM1,AKAP14,AKAP4,ALG13,AMELX,AMMECR1,AMOT,AP1S2,APEX2,APLN,APOO,APOOL,AR,ARAF,ARHGAP4,ARHGAP6,ARHGEF6,ARMCX1,ARMCX2,ARMCX3,ARMCX4,ARMCX5,ARMCX6,ARSD,ARSE,ARSF,ASB11,ASB12,ASB9,ASMT,ASMTL,ATP11C,ATP1B4,ATP2B3,ATP6AP2,ATP7A,ATXN3L,AVPR2,AWAT1,AWAT2,BCOR,BCORL1,BEND2,BEX2,BEX4,BGN,BHLHB9,BMP15,BMP2KL,BMX,BRWD3,BTK,C1GALT1C1,CA5B,CACNA1F,CAPN6,CASK,CCDC120,CCDC22,CCNB3,CD40LG,CD99,CD99L2,CDK16,CDKL5,CDR1,CENPI,CFP,CHM,CHRDL1,CITED1,CLCN4,CLCN5,CLDN2,CLIC2,CNGA2,CNKSR2,COL4A5,COL4A6,CPXCR1,CSAG1,CSAG4,CSF2RA,CSTF2,CT45A2,CT45A5,CTAG2,CTPS2,CUL4B,CXorf1,CXorf15,CXorf21,CXorf22,CXorf23,CXorf24,CXorf25,CXorf27,CXorf28,CXorf30,CXorf36,CXorf38,CXorf41,CXorf56,CXorf57,CXorf58,CXorf59,CXorf64,CXorf65,CXorf66,CYSLTR1,DACH2,DCAF12L1,DCAF12L2,DCAF8L1,DDX3X,DDX53,DIAPH2,DKC1,DLG3,DMD,DNASE1L1,DRP2,DUSP21,DYNLT3,EDA,EDA2R,EFHC2,EFNB1,EGFL6,EIF2S3,ELF4,ELK1,EMD,ENOX2,ESX1,F8,F9,FAAH2,FAM120C,FAM122B,FAM122C,FAM123B,FAM133A,FAM155B,FAM3A,FAM45B,FAM46D,FAM47A,FAM47B,FAM47C,FAM50A,FAM9A,FAM9C,FANCB,FATE1,FGD1,FHL1,FIGF,FLNA,FMR1,FMR1NB,FOXO4,FOXP3,FOXR2,FRMD7,FRMPD3,FRMPD4,FTHL17,FTSJ1,FUNDC1,G6PD,GAB3,GABRE,GABRQ,GDPD2,GEMIN8,GK,GLA,GLOD5,GLRA2,GLRA4,GLUD2,GNL3L,GPC4,GPKOW,GPM6B,GPR101,GPR112,GPR119,GPR173,GPR174,GPR50,GPR64,GPR82,GPRASP1,GPRASP2,GRIA3,GRIPAP1,GRPR,GSPT2,GTPBP6,GUCY2F,GYG2,H2BFWT,HAUS7,HCCS,HCFC1,HDAC4,HDAC6,HDAC8,HDHD1A,HDX,HEPH,HMGN5,HNRNPH2,HS6ST2,HSD17B10,HTATSF1,HTR2C,HUWE1,IDS,IGBP1,IGSF1,IKBKG,IL13RA1,IL13RA2,IL1RAPL1,IL1RAPL2,IL2RG,IL9R,INE1,IQSEC2,IRAK1,IRS4,ITIH5L,ITM2A,KAL1,KCND1,KCNE1L,KDM5C,KDM6A,KIAA2022,KIF4A,KLHL13,KLHL15,KLHL4,L1CAM,LAMP2,LANCL3,LAS1L,LHFPL1,LONRF3,LPAR4,LRCH2,LUZP4,MAGEA1,MAGEA11,MAGEA12,MAGEA3,MAGEA4,MAGEA5,MAGEA8,MAGEB1,MAGEB10,MAGEB18,MAGEB2,MAGEB3,MAGEB4,MAGEB5,MAGEB6,MAGEC1,MAGEC2,MAGEC3,MAGED1,MAGED2,MAGEE1,MAGEE2,MAGEH1,MAGT1,MAMLD1,MAOA,MAOB,MAP3K15,MAP7D2,MAP7D3,MBNL3,MBTPS2,MCF2,MECP2,MED12,MED14,MID1,MID2,MORC4,MOSPD2,MPP1,MSL3,MSN,MTMR1,MTMR8,MUM1L1,MXRA5,NAP1L2,NAP1L3,NAP1L6,NCBP2L,NCRNA00105,NDUFA1,NHS,NHSL2,NKAP,NKRF,NLGN3,NLGN4X,NOX1,NR0B1,NRK,NSDHL,NUP62CL,NXF3,NXF5,ODZ1,OFD1,OGT,OPHN1,OTC,P2RY10,P2RY4,P2RY8,PABPC5,PAGE1,PAGE3,PASD1,PCDH11X,PCDH19,PCNT,PCYT1B,PDHA1,PDK3,PFKFB1,PGAM4,PGK1,PGRMC1,PHF16,PHF8,PHKA1,PHKA2,PIGA,PIGV,PIM2,PIN4,PIR,PJA1,PLCXD1,PLP1,PLP2,PLS3,PLXNA3,PLXNB3,PNMA3,PNMA5,PNMA6A,PNPLA4,POF1B,POLA1,POU3F4,PPEF1,PPP1R3F,PPP2R3B,PQBP1,PRDX4,PRICKLE3,PRKX,PRPS1,PRPS2,PRRG1,PRRG3,PSMD10,PTCHD1,RAB33A,RAB39B,RAB40A,RAB40AL,RAB41,RAB9B,RAI2,RBM10,RBM41,RBMX,RENBP,REPS2,RGAG1,RGAG4,RIPPLY1,RLIM,RNF113A,RNF128,RP2,RPA4,RPGR,RPL10,RPL36A,RPL39,RPL9P7,RPS26P11,RPS4X,RPS6KA3,RPS6KA6,RS1,SAGE1,SASH3,SATL1,SCML2,SEPT6,SERPINA7,SFRS17A,SH3KBP1,SHOX,SHROOM2,SHROOM4,SIAH1L,SLC10A3,SLC16A2,SLC25A14,SLC25A43,SLC25A5,SLC25A6,SLC38A5,SLC6A14,SLC6A8,SLC7A3,SLC9A6,SLC9A7,SLITRK2,SLITRK4,SMARCA1,SMC1A,SMS,SOX3,SPANXN1,SPANXN4,SPIN2A,SRPK3,SRPX,SRPX2,SSX1,SSX3,SSX5,SSX6,STARD8,SUV39H1,SYAP1,SYN1,SYP,SYTL4,SYTL5,TAB3,TAF1,TAF7L,TAF9B,TBC1D8B,TBX22,TCEAL2,TCEAL4,TCEAL5,TCEAL8,TEX11,TEX13A,TEX13B,TFDP3,TFE3,THOC2,TIMM17B,TIMP1,TLR7,TLR8,TMEM187,TMEM27,TMLHE,TNMD,TRMT2B,TRO,TRPC5,TSPAN6,TSPYL2,UBA1,UBE2A,UBE2NL,UBQLN2,UPF3B,UPRT,USP11,USP26,USP51,USP9X,VAMP7,VBP1,VGLL1,VSIG1,VSIG4,WDR13,WDR44,WNK3,WWC3,XG,XIAP,XK,XKRX,XPNPEP2,YY2,ZBED1,ZBTB33,ZC3H12B,ZC4H2,ZCCHC13,ZCCHC5,ZDHHC9,ZFX,ZMAT1,ZMYM3,ZNF182,ZNF185,ZNF275,ZNF280C,ZNF41,ZNF449,ZNF630,ZNF645,ZNF673,ZNF711,ZNF75D,ZNF81,ZRSR2,ZXDA"
"2011-09-15"	"2.0-32b"	"10"	"2916"	"14705"	"1908"	"Retinal and hearing impairment genetic mutation database"	"https://grenada.lumc.nl/LOVD2/Usher_montpellier/"	"CDH23,CHM,CLRN1,GPR98,MYO7A,PCDH15,USH1C,USH1G,USH2A,WHRN"
"2011-09-15"	"2.0-32b"	"2047"	"3212"	"11691"	"1795"	"Mendelian genes"	"http://grenada.lumc.nl/LOVD2/mendelian_genes/"	"A2M,A4GALT,AAAS,AANAT,AASS,ABAT,ABCA1,ABCA12,ABCA3,ABCA4,ABCB1,ABCC11,ABCC2,ABCC8,ABCC9,ABCD3,ABCG5,ABCG8,ABHD12,ABHD5,ABL1,ABO,ABR,ACAA1,ACACA,ACAD8,ACAD9,ACADL,ACADS,ACADSB,ACAN,ACAT1,ACAT2,ACE,ACHE,ACOX1,ACP2,ACTB,ACTG1,ACTN2,ACTN4,ACVR1,ACVR2B,ACVRL1,ACY1,ADA,ADAMTS13,ADAMTS17,ADAMTSL2,ADAR,ADCY10,ADD1,ADH1B,ADH1C,ADIPOQ,ADRB1,ADRB2,ADRB3,ADSL,AFG3L2,AFP,AGGF1,AGL,AGPAT2,AGPS,AGRP,AGT,AGTR1,AGXT,AHCY,AHI1,AICDA,AIP,AIPL1,AIRE,AK1,AK2,AKAP10,AKAP9,AKR1D1,AKT1,AKT2,ALAS2,ALB,ALDH18A1,ALDH2,ALDH3A2,ALDH4A1,ALDH6A1,ALDH7A1,ALDOA,ALDOB,ALG1,ALG10,ALG12,ALG2,ALG3,ALG6,ALG8,ALG9,ALK,ALMS1,ALOX12B,ALOX5,ALPL,ALS2,ALX1,ALX3,ALX4,AMACR,AMH,AMHR2,AMN,AMPD1,AMPD3,AMT,ANG,ANK1,ANK2,ANKH,ANKRD1,ANTXR1,ANTXR2,AP3B1,AP4M1,APBB2,APOA1,APOA2,APOA5,APOB,APOC2,APOC3,APOE,APOL1,APOL2,APOL4,APP,APPL2,APRT,APTX,AQP2,AQP3,ARFGEF2,ARHGAP26,ARHGEF10,ARHGEF12,ARHGEF9,ARL11,ARL13B,ARL6,ARSA,ARSB,ARSG,ART4,ARX,ASAH1,ASCL1,ASIP,ASPM,ASPN,ASPSCR1,ATCAY,ATF1,ATG16L1,ATIC,ATL1,ATN1,ATP10A,ATP1A3,ATP1B1,ATP2A1,ATP2A2,ATP2B2,ATP2C1,ATP6V0A2,ATP6V0A4,ATP6V1B1,ATP7B,ATPAF2,ATR,ATXN1,ATXN10,ATXN2,ATXN3,ATXN7,AUH,AURKA,AURKC,AVP,AXIN1,AXIN2,B2M,B3GALNT1,B4GALT1,B4GALT7,BAAT,BANK1,BARD1,BAZ1B,BBS1,BBS10,BBS12,BBS2,BBS4,BBS5,BBS7,BBS9,BCAM,BCAP31,BCHE,BCKDHA,BCKDHB,BCL7B,BCMO1,BCR,BCS1L,BDNF,BEST1,BHLHE41,BLM,BLMH,BLNK,BLOC1S3,BMP2,BMP4,BMP7,BMPR1A,BMPR1B,BMPR2,BPGM,BRAF,BSCL2,BSG,BSND,BTBD9,BTNL2,BUB1B,C10orf2,C10orf4,C12orf65,C14orf104,C16orf57,C1GALT1,C1QB,C1QTNF5,C1R,C1S,C2,C20ORF54,C20orf7,C2ORF71,C3,C4A,C4B,C5,C6,C7,C7orf10,C7orf11,C7orf16,C8A,C8B,C8orf38,C9,CA2,CA4,CABC1,CABP4,CACNA1C,CACNA1H,CACNA2D4,CACNB2,CACNB4,CALCR,CANT1,CAPN10,CARTPT,CASP8,CASQ2,CASR,CAT,CATSPER1,CATSPER2,CAV1,CBL,CBS,CBX2,CC2D1A,CC2D2A,CCDC50,CCDC6,CCL11,CCL2,CCL26,CCL3,CCL3L1,CCL3L3,CCM2,CCND1,CCR5,CCT5,CD151,CD19,CD209,CD24,CD244,CD247,CD2AP,CD320,CD36,CD3D,CD3E,CD3G,CD4,CD40,CD44,CD46,CD55,CD59,CD79A,CD79B,CD82,CD8A,CD96,CDAN1,CDC73,CDH15,CDH3,CDK4,CDK5RAP2,CDK6,CDKAL1,CDKN1B,CDKN1C,CDKN2B,CDKN3,CDSN,CEBPE,CENPJ,CEP152,CEP290,CERKL,CES1,CETP,CFB,CFC1,CFD,CFH,CFHR1,CFHR3,CFI,CFTR,CGNL1,CHEK2,CHI3L1,CHIC2,CHMP2B,CHN1,CHRM2,CHRNA2,CHRNA3,CHRNA4,CHRNA5,CHRNB2,CIITA,CILP,CIRH1A,CLCF1,CLCN2,CLCN6,CLCN7,CLCNKA,CLCNKB,CLDN1,CLDN14,CLDN16,CLDN19,CLEC16A,CLEC7A,CLINT1,CLIP2,CLN3,CLN5,CLN6,CLN8,CNBP,CNGA1,CNGA3,CNGB1,CNGB3,CNNM4,COCH,COG1,COG7,COG8,COL11A1,COL11A2,COL18A1,COL29A1,COL2A1,COL7A1,COL8A2,COL9A1,COL9A2,COL9A3,COMP,COMT,COQ2,COQ9,COX10,COX15,COX4I2,COX6B1,CP,CPA6,CPN1,CPOX,CPT1A,CPT2,CR1,CR2,CRB1,CRBN,CREB1,CRELD1,CRH,CRLF1,CRX,CSF2RB,CSF3R,CSNK1D,CSRP3,CST3,CSTB,CT47A1,CT47A11,CT47A2,CT47A3,CT47A4,CT47A6,CT47A7,CT47A8,CT47A9,CTDP1,CTH,CTLA4,CTNNB1,CTNND2,CTNS,CTRC,CTSA,CTSC,CTSD,CTSK,CTSZ,CUBN,CUL7,CX3CR1,CXCL12,CXCR1,CXCR4,CYBA,CYBB,CYCS,CYLD,CYP11A1,CYP11B1,CYP11B2,CYP17A1,CYP19A1,CYP1A1,CYP1A2,CYP1B1,CYP21A2,CYP27B1,CYP2A6,CYP2C19,CYP2C9,CYP2D6,CYP2R1,CYP3A5,CYP4F22,CYP4V2,CYP7B1,DAO,DAOA,DARC,DARS2,DAZ1,DAZ2,DAZ3,DBH,DBT,DCAF17,DCDC2,DCLRE1C,DCN,DCTN1,DCX,DCXR,DDB2,DDC,DDIT3,DDR2,DDX3Y,DEC1,DECR1,DEFB4,DFNA5,DFNB59,DGUOK,DHCR24,DHCR7,DHDPSL,DHFR,DHH,DIAPH1,DICER1,DIO1,DIP2B,DIRC1,DIRC2,DISC1,DLAT,DLD,DLEC1,DLG5,DLL3,DLX3,DMBT1,DMGDH,DMP1,DMPK,DNAH11,DNAH5,DNAI1,DNAI2,DNAJC19,DNASE1,DNMT3B,DOCK3,DOCK8,DOLK,DPAGT1,DPM1,DPP6,DPYD,DPYS,DRD2,DRD3,DRD4,DRD5,DSC3,DSG1,DSG4,DSPP,DTNBP1,DUOX2,DUOXA2,DUX4,DYM,DYNC2H1,DYX1C1,EBP,ECE1,ECM1,EDAR,EDARADD,EDNRA,EFEMP1,EFEMP2,EFHC1,EGF,EGFR,EGLN1,EGR2,EHBP1,EHMT1,EIF2AK3,EIF2B1,EIF2B2,EIF2B3,EIF2B4,EIF2B5,EIF4H,EIF6,ELAC2,ELMOD2,ELN,ELOVL4,EMG1,EMX2,EN2,ENAM,ENG,ENO3,ENPP1,EPAS1,EPB41,EPB42,EPHA2,EPHA3,EPHB2,EPHX1,EPHX2,EPM2A,EPO,EPOR,EPX,ERBB2,ERBB3,ERCC1,ERCC3,ERCC4,ERCC5,ERCC6,ERCC8,ERMAP,ESPN,ESR1,ESRRB,ETFA,ETFB,ETFDH,ETHE1,ETV6,EVC,EVC2,EWSR1,EYA1,EYA4,EYS,EZH2,F10,F11,F12,F13A1,F13B,F2,F5,F7,FA2H,FAAH,FAH,FAM126A,FAM134B,FAM20C,FAM58A,FAM83H,FASTKD2,FBLN1,FBLN5,FBN1,FBN2,FBP1,FBXO33,FBXO7,FBXW4,FCGR2B,FCGR3A,FCRL3,FCRL5,FECH,FERMT1,FERMT3,FEV,FGA,FGB,FGD4,FGF10,FGF14,FGF20,FGF23,FGF3,FGF8,FGF9,FGFR1,FGFR3,FGG,FGGY,FHIT,FIG4,FIGLA,FIP1L1,FKBP6,FLG,FLII,FLNB,FLT3,FLT4,FLVCR2,FMO3,FN1,FOLR1,FOXC1,FOXC2,FOXD3,FOXE1,FOXE3,FOXF1,FOXI1,FOXJ1,FOXL2,FOXN1,FOXO1,FOXP2,FPGS,FREM1,FREM2,FRZB,FSCN2,FSHB,FSHR,FST,FTCD,FTH1,FTL,FTO,FUCA1,FUCA2,FUS,FUT1,FUT2,FUT3,FUT6,FXN,FXYD2,FXYD6,FZD4,G6PC,G6PC2,G6PC3,GABBR2,GABRA1,GABRA2,GABRB3,GABRD,GABRG2,GAD1,GALC,GALE,GALK1,GALNS,GALNT3,GALT,GAN,GARS,GATA3,GATA4,GBE1,GC,GCDH,GCGR,GCH1,GCLC,GCLM,GCM2,GCSH,GDAP1,GDF1,GDF5,GDF6,GDI1,GDNF,GFAP,GFER,GFI1,GFM1,GGCX,GGT1,GH1,GHRHR,GHRL,GHSR,GIF,GJA1,GJA5,GJB1,GJB3,GJB4,GJC2,GLB1,GLDC,GLE1,GLI2,GLI3,GLIS2,GLIS3,GLO1,GLRB,GLRX5,GLUD1,GLUL,GLYCTK,GM2A,GMPS,GNAI2,GNAT1,GNAT2,GNB3,GNMT,GNPAT,GNPTAB,GNPTG,GNRHR,GNS,GOLGA5,GORAB,GP1BA,GP1BB,GP9,GPC3,GPC6,GPD1L,GPD2,GPHN,GPR126,GPR143,GPSM2,GPX1,GRHL2,GRHPR,GRIK2,GRK1,GRM6,GRN,GRXCR1,GSN,GSR,GSS,GTF2H5,GTF2I,GTF2IRD1,GTPBP3,GUCA1A,GUCY2D,GUSB,GYPA,GYPB,GYPC,GYS1,GYS2,H6PD,HABP2,HADH,HADHA,HADHB,HAGH,HAL,HAMP,HAVCR1,HAVCR2,HCN4,HCRT,HDAC9,HERC2,HESX1,HEXA,HEXB,HFE,HFE2,HGD,HGF,HHIP,HIBCH,HIC1,HIP1,HK1,HLAA,HLAB,HLAC,HLADQA1,HLADQB1,HLADRA,HLADRB1,HLAG,HLCS,HMBS,HMCN1,HMGA2,HMGCL,HMGCR,HMGCS2,HMMR,HMOX1,HMX1,HNF1B,HNMT,HOXA1,HOXA11,HOXA13,HOXA2,HOXD10,HOXD13,HOXD4,HPD,HPGD,HPRT1,HPS1,HPS3,HPS4,HPS5,HPS6,HPSE2,HR,HRAS,HRG,HSD11B1,HSD11B2,HSD17B4,HSD3B2,HSD3B7,HSPA5,HSPB1,HSPB8,HSPBAP1,HSPD1,HSPG2,HTR2A,HTRA1,HTRA2,HTT,HYAL1,HYLS1,ICAM1,ICAM4,ICK,ICOS,IDH1,IDH3B,IDUA,IFIH1,IFNAR2,IFNG,IFNGR1,IFNGR2,IFT122,IFT80,IGF2BP2,IGLL1,IHH,IKBKAP,IL10,IL10RB,IL12B,IL12RB1,IL13,IL1B,IL1RN,IL21R,IL23R,IL2RA,IL4,IL4R,IL6,IL7R,IMMP2L,IMPDH1,ING1,ING3,INPP5E,INPPL1,INS,INSL3,INSR,INVS,IRAK3,IRAK4,IRF1,IRF4,IRF5,IRF6,IRGM,IRS1,IRS2,ITGA2,ITGA2B,ITGA6,ITGAM,ITGAX,ITGB2,ITGB3,ITGB4,ITIH4,ITK,ITM2B,ITPA,ITPKC,ITPR1,ITPR3,IYD,JAK2,JAK3,JPH3,KALRN,KANK1,KCNA1,KCNA5,KCNC3,KCNE2,KCNE3,KCNH2,KCNJ1,KCNJ10,KCNJ11,KCNJ13,KCNJ2,KCNJ5,KCNK9,KCNMA1,KCNMB1,KCNQ2,KCNQ3,KCNQ4,KCNV2,KCTD7,KEL,KERA,KHK,KIAA0196,KIAA0319,KIAA1279,KIF1B,KIF21A,KIF5A,KIR3DL1,KIRREL3,KISS1R,KIT,KITLG,KLF11,KLF6,KLHDC8B,KLHL7,KLK1,KLK4,KLKB1,KNG1,KRAS,KRIT1,KRT1,KRT10,KRT12,KRT13,KRT14,KRT16,KRT17,KRT18,KRT2,KRT3,KRT4,KRT5,KRT6A,KRT6B,KRT74,KRT75,KRT8,KRT81,KRT83,KRT85,KRT86,KRT9,KYNU,LAMA3,LAMB1,LAMB2,LAMB3,LAMC1,LAMC2,LAT2,LBR,LCA5,LCAT,LCORL,LCT,LDHA,LDHB,LEFTY2,LEP,LGI1,LHB,LHCGR,LHFPL5,LHX3,LHX4,LIFR,LIG4,LIMK1,LIN28B,LIPA,LIPC,LIPH,LIPI,LITAF,LMAN1,LMBR1,LMBRD1,LMF1,LMNB1,LMNB2,LMX1B,LOR,LOX,LOXHD1,LOXL1,LPA,LPAR6,LPIN1,LPIN2,LPL,LPP,LRAT,LRP2,LRP4,LRP6,LRP8,LRPPRC,LRRC8A,LTA,LTBP2,LTBP3,LTBP4,LTF,LUZP2,LYL1,LYST,LYZ,LZTS1,MAD1L1,MAN2B1,MANBA,MANF,MAP2K2,MAP3K8,MAPK10,MAPK8IP1,MAPT,MARVELD2,MASP2,MASTL,MAT1A,MATN3,MBD5,MBL2,MC1R,MC2R,MC3R,MC4R,MCCC1,MCCC2,MCEE,MCFD2,MCM6,MCOLN1,MCPH1,ME2,MED13L,MED25,MEF2A,MEF2C,MEFV,MEN1,MERTK,MESP2,MET,MEX3C,MFAP4,MFN2,MFRP,MFSD8,MGAT2,MGP,MICA,MICB,MIF,MINPP1,MIP,MIPOL1,MKKS,MKS1,MLC1,MLF1,MLL,MLL2,MLLT10,MLPH,MLXIPL,MMAA,MMAB,MMACHC,MMADHC,MMP1,MMP13,MMP2,MMP20,MMP3,MMP9,MN1,MOCS1,MOGS,MPDU1,MPI,MPL,MPO,MPV17,MPZ,MRAP,MRE11A,MRPS16,MRPS22,MS4A2,MSH3,MSMB,MSR1,MSX1,MSX2,MTHFD1,MTHFR,MTMR2,MTR,MTRR,MTTP,MTUS1,MUC7,MUT,MVK,MXI1,MYC,MYCN,MYD88,MYF6,MYH14,MYH2,MYH3,MYH6,MYH8,MYH9,MYLK2,MYO15A,MYO1A,MYO3A,MYO5A,MYO5B,MYO9B,NAGA,NAGLU,NAT2,NCF1,NCF2,NCOA4,NCR3,NCSTN,NDN,NDP,NDRG1,NDUFA11,NDUFA13,NDUFA2,NDUFAF2,NDUFAF3,NDUFAF4,NDUFS1,NDUFS2,NDUFS3,NDUFS4,NDUFS6,NDUFS7,NDUFS8,NDUFV2,NEFH,NEFL,NELF,NEU1,NEUROD1,NEUROG3,NEXN,NF1,NF2,NFKBIA,NFKBIL1,NGF,NHEJ1,NHLRC1,NHP2,NIPA1,NIPAL4,NKX21,NKX25,NKX26,NLRP1,NLRP12,NLRP3,NLRP7,NME1,NOBOX,NOD2,NODAL,NOG,NOP10,NOS1AP,NOTCH1,NOTCH2,NPAS2,NPC1,NPC1L1,NPC2,NPHP1,NPHP3,NPHP4,NPHS1,NPHS2,NPM1,NPPA,NPR2,NPSR1,NR0B2,NR3C1,NR3C2,NR4A2,NR4A3,NR5A1,NRAS,NRG1,NRL,NRTN,NRXN1,NT5C3,NTF4,NTRK1,NTRK2,NUP214,NUP62,NYX,OAS1,OAT,OBSL1,OCA2,ODC1,OGDH,OGG1,OLR1,OPA1,OPCML,OPN1LW,OPN1MW,OPN1SW,OPRM1,OPTN,ORAI1,OSMR,OSTM1,OXCT1,P2RX1,P2RX7,P2RY12,PACRG,PADI4,PAFAH1B1,PAH,PAK3,PALLD,PANK2,PAPSS2,PAX2,PAX4,PAX7,PAX8,PAX9,PAXIP1,PC,PCBD1,PCCA,PCCB,PCK1,PCK2,PCM1,PCSK1,PDCD1,PDCD10,PDE11A,PDE4D,PDE6A,PDE6B,PDE6C,PDE6H,PDGFB,PDGFRA,PDGFRB,PDGFRL,PDHB,PDHX,PDLIM4,PDP1,PDSS1,PDSS2,PDX1,PER2,PEX1,PEX10,PEX12,PEX13,PEX14,PEX16,PEX19,PEX2,PEX26,PEX3,PEX5,PEX6,PEX7,PFKM,PGAM2,PGM1,PHEX,PHF6,PHGDH,PHKB,PHKG2,PHOX2A,PHOX2B,PHYH,PICALM,PIGM,PIGR,PIK3CA,PIKFYVE,PIN1,PIP5K1C,PITPNM3,PITX1,PITX2,PKHD1,PKLR,PKP1,PLA2G2A,PLA2G7,PLAG1,PLAGL1,PLAT,PLAU,PLCE1,PLEKHA1,PLEKHG4,PLEKHG5,PLEKHM1,PLG,PLN,PMM2,PMP22,PNKD,PNLIP,PNP,PNPLA2,PNPLA6,PNPO,POLG,POLG2,POLH,POLR2A,POMC,POMP,PON1,POR,POU1F1,POU4F3,POU6F2,PPARA,PPARG,PPARGC1B,PPM1D,PPOX,PPP1R3A,PPP2R1B,PPP2R2B,PPT1,PRCC,PRCD,PREPL,PRG4,PRICKLE1,PRKAG2,PRKAR1A,PRKCG,PRKCH,PRKCSH,PRKRA,PRNP,PROC,PRODH,PROK2,PROKR2,PROP1,PROS1,PRPF3,PRPF31,PRPF8,PRPH,PRPH2,PRSS1,PRSS12,PRSS7,PRX,PSAP,PSAT1,PSEN1,PSEN2,PSENEN,PSPH,PSTPIP1,PTCH1,PTCH2,PTEN,PTF1A,PTGDR,PTGER2,PTGIS,PTH,PTH1R,PTHLH,PTPN1,PTPN11,PTPN2,PTPN22,PTPRC,PTPRJ,PTPRQ,PTPRZ1,PTS,PUS1,PVR,PVRL1,PYCR1,PYGM,QDPR,RAB23,RAB3GAP1,RAB3GAP2,RAB7A,RAC2,RAD50,RAD51,RAD51L1,RAD54L,RAF1,RAG1,RAG2,RAI1,RANBP2,RARA,RARS2,RASA1,RASGRP1,RASSF1,RASSF8,RAX,RAX2,RB1,RB1CC1,RBM20,RBM28,RBP4,RD3,RDH12,RDH5,RDX,RECQL4,REEP1,REG1A,RELN,REN,RET,RETN,RFC2,RFT1,RFX5,RFXANK,RFXAP,RGR,RGS4,RGS5,RGS9,RGS9BP,RHAG,RHCE,RHO,RIMS1,RIN2,RLBP1,RNASEL,RNASET2,RNF139,RNF168,RNF212,RNF6,ROBLD3,ROBO2,ROBO3,ROM1,RP1,RP9,RPE65,RPGRIP1,RPGRIP1L,RPIA,RPS10,RPS26,RPS27A,RRAS2,RSPH4A,RSPH9,RSPO4,RTF1,RTN4R,RUNX1,RUNX1T1,RUNX2,RXFP2,RYR2,SACS,SAG,SALL1,SALL4,SAMD9,SAR1B,SARDH,SART3,SAT1,SATB1,SATB2,SBDS,SBF2,SC5DL,SCARB2,SCGB1A1,SCGB3A2,SCN1B,SCN2A,SCN3B,SCN4B,SCN5A,SCN9A,SCO1,SCO2,SDC3,SDHAF1,SEC23A,SEC63,SECISBP2,SELE,SELL,SELP,SEMA3E,SEMA4A,SEMA7A,SEPT9,SERPINA10,SERPINA6,SERPINB6,SERPINC1,SERPIND1,SERPINE1,SERPINF2,SERPING1,SERPINI1,SETBP1,SETX,SFTPA1,SFTPA2,SFTPB,SFTPC,SGSH,SH2B3,SH3BP2,SH3GL1,SH3TC2,SHANK2,SHANK3,SHH,SHOC2,SI,SIL1,SIM1,SIX1,SIX3,SIX5,SIX6,SLC11A1,SLC11A2,SLC12A1,SLC12A3,SLC12A8,SLC16A1,SLC16A12,SLC17A5,SLC17A8,SLC19A2,SLC19A3,SLC1A1,SLC1A3,SLC22A12,SLC22A18,SLC22A4,SLC22A5,SLC24A4,SLC24A5,SLC25A12,SLC25A19,SLC25A20,SLC25A22,SLC25A3,SLC25A38,SLC25A4,SLC26A2,SLC26A3,SLC26A5,SLC27A4,SLC2A1,SLC2A10,SLC2A2,SLC2A4,SLC2A9,SLC30A8,SLC33A1,SLC34A1,SLC34A2,SLC34A3,SLC35A1,SLC35C1,SLC35D1,SLC37A4,SLC39A13,SLC39A4,SLC3A1,SLC40A1,SLC44A4,SLC45A2,SLC46A1,SLC4A1,SLC4A11,SLC4A4,SLC5A1,SLC5A2,SLC5A5,SLC6A19,SLC6A2,SLC6A4,SLC7A7,SLC7A9,SLC9A3R1,SLC9A9,SLITRK1,SLURP1,SMAD4,SMAD7,SMAD9,SMARCA4,SMARCAL1,SMARCB1,SMN2,SMPD1,SNAI2,SNAP29,SNCAIP,SNCB,SNRPN,SNTA1,SNX3,SOCS3,SOD1,SOD2,SORL1,SOS1,SOX18,SOX9,SP110,SPAST,SPATA16,SPATA7,SPG11,SPG20,SPG21,SPG7,SPINK1,SPINK5,SPR,SPRED1,SPTA1,SPTAN1,SPTB,SPTBN2,SQSTM1,SRD5A2,SRY,SSTR5,ST14,ST3GAL5,STAR,STAT1,STAT3,STAT4,STIL,STIM1,STK11,STOX1,STRA6,STRADA,STRC,STS,STX16,STXBP1,SUCLA2,SUCLG1,SUFU,SUMF1,SUMO4,SUOX,SURF1,SYCP3,SYN2,SYNGAP1,T,TAAR6,TAB2,TACO1,TACR3,TACSTD2,TAF15,TALDO1,TAP1,TAP2,TAPBP,TARDBP,TAS2R16,TAS2R38,TAT,TAZ,TBCE,TBL2,TBP,TBX1,TBX15,TBX19,TBX21,TBX3,TBX4,TBX5,TBX6,TBXA2R,TBXAS1,TCF7L2,TCIRG1,TCN2,TCOF1,TDGF1,TDP1,TEAD1,TECTA,TEK,TERT,TF,TFAP2A,TFAP2B,TFB1M,TFG,TFR2,TG,TGFB1,TGFB2,TGFBI,TGFBR1,TGFBR2,TGIF1,TGM1,TGM5,TH,THAP1,THBD,THBS2,THPO,THRB,TIMM8A,TIMP3,TINF2,TIRAP,TJP2,TK2,TKT,TLL1,TLR1,TLR2,TLR3,TLR4,TLR5,TLX1,TMC6,TMC8,TMEM216,TMEM67,TMEM70,TMPRSS6,TNF,TNFRSF10B,TNFRSF11A,TNFRSF11B,TNFRSF13B,TNFRSF1A,TNFSF11,TNFSF4,TNNC1,TNXB,TOPORS,TOR1A,TP53,TPCN2,TPH2,TPI1,TPMT,TPO,TPP1,TPR,TPRN,TRAPPC2,TREH,TREM2,TRH,TRHR,TRIM24,TRIM33,TRIM37,TRIOBP,TRMU,TRPC6,TRPM4,TRPM6,TRPM7,TRPS1,TRPV4,TSEN2,TSEN34,TSEN54,TSFM,TSHB,TSHR,TSPAN7,TSPY1,TSPYL1,TTBK2,TTC37,TTC8,TTPA,TUBA1A,TUBA8,TUBB1,TUBB2B,TUFM,TULP1,TUSC3,TWIST1,TXNDC3,TYK2,TYMP,TYR,TYROBP,TYRP1,UBA52,UBB,UBC,UBE3A,UBIAD1,UBR1,UCHL1,UCP1,UCP2,UCP3,UGT1A1,UGT1A4,UGT2B17,UMOD,UMPS,UNC93B1,UNG,UPB1,UPK3A,UQCC,UQCRB,UQCRQ,UROC1,UROD,UROS,USF1,USP9Y,VANGL1,VAPB,VCAN,VCL,VDAC1,VDR,VEGFA,VHL,VKORC1,VLDLR,VPS13A,VRK1,VSX2,WBSCR27,WDR11,WDR36,WHSC1,WHSC1L1,WISP3,WNK4,WNT10A,WNT10B,WNT3,WNT4,WNT7A,WRN,WT1,WWOX,XBP1,XDH,XPA,XPC,XYLT1,XYLT2,YARS,YARS2,YTHDF2,YWHAE,ZAP70,ZBTB16,ZBTB38,ZDHHC15,ZEB1,ZEB2,ZFAT,ZFHX3,ZFP57,ZFPM2,ZFYVE26,ZFYVE27,ZIC2,ZIC3,ZNF365,ZNF469,ZNF674,ZNF750"
"2011-09-15"	"2.0-28"	"1"	"893"	"9543"	"61"	"ThalInd - A Database of beta thalassemia and hemoglobinopathies in India"	"http://ccg.murdoch.edu.au/thalind/"	"HBB"
"2011-09-15"	"2.0-30"	"56"	"2336"	"8615"	"4957"	"                       ZJU-CGGM & BGI-Shenzhen"	"http://www.genomed.org/LOVD/CM/"	"ABCC9,ACTC1,ACTN2,AXIN2,BARD1,BRIP1,CDC73,CDH1,CHEK2,CSRP3,CTF1,DES,DSC2,DSG2,DSP,ELAC2,EMD,EPCAM,FH,GLA,HSD17B3,HSD3B2,KIT,LAMP2,LDB3,LMNA,MET,MRE11A,MYBPC3,MYH7,MYL2,MYL3,NBN,NTRK1,PALB2,PDGFRA,PKP2,PLN,PRKAG2,PTCH1,PTEN,RAD50,RAD51C,RET,RNASEL,SGCD,SRD5A2,STK11,TAZ,TCAP,TMEM43,TNNI3,TNNT2,TPM1,VCL,VHL"
"2011-09-15"	"2.0-32b"	"37"	"4289"	"8481"	"3016"	"LOVD - Leiden Open Variation Database"	"http://chromium.liacs.nl/LOVD2/"	"ABCA13,ARG1,ASL,ASS1,ATM,ATP1A2,B3GALTL,CACNA1A,CACNA1S,CDKN2A,CLCN1,CPS1,CREBBP,EP300,ESCO2,GAA,GLRA1,GNAS,HGSNAT,LRP5,NAGS,NBN,NOTCH3,NR0B1,NSD1,OTC,RNASEH2A,RNASEH2B,RNASEH2C,RNF135,SAMHD1,SCN4A,SLC25A13,SLC25A15,SOST,TCF4,TREX1"
"2011-09-15"	"2.0-32b"	"3"	"2156"	"8082"	"308"	"Monogenic Diabetes"	"http://grenada.lumc.nl/LOVD2/diabetes/"	"GCK,HNF1A,HNF4A"
"2011-09-15"	"2.0-31"	"47"	"13"	"4544"	"4279"	"**PUBLIC** CCHMC Molecular Genetics Laboratory Mutation Database"	"https://research.cchmc.org/LOVD/"	"ABCB11,ABCB4,ACADM,ACADVL,ATP8B1,CASP10,CD40LG,CDH23,CLRN1,DFNB31,ELANE,FAS,FASLG,FOXP3,GAA,GBA,GJB2,GJB6,GLA,GPR98,HAX1,IL2RG,JAG1,KCNE1,KCNQ1,MECP2,MYO6,MYO7A,OTOF,PCDH15,PRF1,RAB27A,SERPINA1,SH2D1A,SLC26A4,STX11,STXBP2,TMC1,TMIE,TMPRSS3,UNC13D,USH1C,USH1G,USH2A,WAS,WFS1,XIAP"
"2011-09-15"	"2.0-32b"	"2"	"2947"	"4430"	"1782"	"Tuberous sclerosis database"	"http://chromium.liacs.nl/LOVD2/TSC/"	"TSC1,TSC2"
"2011-09-15"	"2.0-32b"	"42"	"1076"	"3904"	"515"	"LOVD - Leiden Open Variation Database"	"http://grenada.lumc.nl/LOVD2/eye/"	"ADAMTS10,ADAMTSL4,BFSP1,BFSP2,CHMP4B,CRYAA,CRYAB,CRYBA1,CRYBA2,CRYBA4,CRYBB1,CRYBB2,CRYBB2P1,CRYBB3,CRYGA,CRYGB,CRYGC,CRYGD,CRYGEP,CRYGS,CRYM,FAM161A,GCNT2,GJA3,GJA8,HSF4,IMPG2,LIM2,MAF,MYOC,NR2E3,OPA3,PDE6G,PITX3,PROM1,RP1L1,RS1,TMEM114,TMEM126A,VIM,VSX1,ZNF513"
"2011-09-15"	"2.0-12"	"12"	"2925"	"2985"	"1741"	"Zhejiang University Center for Genetic and Genomic Medicine (ZJU-CGGM)"	"http://genomed.org/LOVD/LQTs/"	"AKAP9,ANK2,CACNA1C,CAV3,KCNE1,KCNE2,KCNH2,KCNJ2,KCNQ1,SCN4B,SCN5A,SNTA1"
"2011-09-15"	"2.0-31"	"1"	"2569"	"2584"	"1136"	"rb1-lsdb"	"http://rb1-lovd.d-lohmann.de/"	"RB1"
"2011-09-15"	"2.0-32b"	"2"	"2448"	"2565"	"1015"	"LOVD - Leiden Open Variation Database"	"http://chromium.liacs.nl/LOVD2/cancer/"	"BRCA1,BRCA2"
"2011-09-15"	"2.0-32b"	"15"	"1365"	"2249"	"782"	"Fanconi anemia database"	"http://chromium.liacs.nl/LOVD2/FANC/"	"FANCA,FANCB,FANCC,FANCD1,FANCD2,FANCE,FANCF,FANCG,FANCI,FANCJ,FANCL,FANCM,FANCN,RAD51C,SLX4"
"2011-09-15"	"2.0-32b"	"2"	"2057"	"2084"	"70"	"Autosomal Dominant Polycystic Kidney Disease (ADPKD)"	"http://grenada.lumc.nl/LOVD2/PKD/"	"PKD1,PKD2"
"2011-09-15"	"2.0-32b"	"10"	"1971"	"2067"	"1218"	"Osteogenesis Imperfecta Variant Database"	"https://oi.gene.le.ac.uk/"	"COL1A1,COL1A2,CRTAP,FKBP10,LEPRE1,PLOD2,PPIB,SERPINF1,SERPINH1,SP7"
"2011-09-15"	"2.0-32b"	"37"	"1987"	"2027"	"1974"	"The Globin Gene Server"	"http://lovd.bx.psu.edu/"	"ALOX5AP,AQP9,ARG2,ASS1,ATRX,BCL11A,CNTNAP2,CSNK2A1,EPAS1,ERCC2,FLT1,GATA1,GPM6B,HAO2,HBA1,HBA2,HBB,HBD,HBG1,HBG2,HBS1L,KDR,KL,KLF1,MAP2K1,MAP3K5,MAP3K7,MYB,NOS1,NOS2,NOS3,NOX3,NUP133,PDE7B,SMAD3,SMAD6,TOX"
"2011-07-01"	"1.1.0-12"	"3"	""	"1943"	"1255"	"British Heart Foundation"	"http://www.ucl.ac.uk/ldlr/Current/"	"LDLR,LDLRAP1,PCSK9"
"2011-09-15"	"2.0-12"	"9"	"1385"	"1782"	"957"	"Zhejiang University Center for Genetic and Genomic Medicine (ZJU-CGGM)"	"http://www.genomed.org/lovd/mma/"	"LMBRD1,MCEE,MMAA,MMAB,MMACHC,MMADHC,MTR,MTRR,MUT"
"2011-09-15"	"2.0-32b"	"7"	"972"	"1701"	"337"	"LOVD - Leiden Open Variation Database"	"http://grenada.lumc.nl/LOVD2/vumc/"	"ALDH5A1,ASPA,D2HGDH,GAMT,GATM,L2HGDH,SLC6A8"
"2011-09-15"	"2.0-32b"	"4"	"1133"	"1596"	"863"	"Collagen, type IV, alpha"	"http://grenada.lumc.nl/LOVD2/COL4A/"	"COL4A3,COL4A4,COL4A5,COL4A6"
"2011-09-15"	"2.0-32b"	"5"	"396"	"1427"	"306"	"LOVD - Leiden Open Variation Database"	"http://grenada.lumc.nl/LOVD2/CDLS/"	"NIPBL,PDS5A,PDS5B,SMC1A,SMC3"
"2011-09-15"	"2.0-32b"	"130"	"103"	"1217"	"303"	"Childhood Recessive Diseases"	"https://grenada.lumc.nl/LOVD2/CRD/"	"ACADL,ACADM,ACADSB,ACADVL,ADA,ADAMTS13,AGA,AGL,AGXT,AHI1,ALDH5A1,ALDOB,ALG1,ALG6,ALPL,ALS2,AMPD1,APTX,ARSB,ASPA,ASS1,ATM,ATP7A,ATP7B,ATP8B1,ATR,BCKDHA,BLM,BMPR2,BTD,CBS,CDH23,CEP290,CFTR,CLN3,COL17A1,COL7A1,COQ2,CPT1A,CPT2,CYP21A2,CYP27A1,DGUOK,DKC1,DMD,DPYD,ENPP1,ERCC4,ERCC5,ERCC6,ETFB,FAH,FGG,FKRP,FKTN,FRAS1,GAA,GALC,GALT,GBA,GCDH,GLB1,GNPTAB,GPR98,GRHPR,HADHA,HBA1,HBB,HESX1,HEXA,HEXB,HGSNAT,HPRT1,HSD17B4,HSPG2,IDUA,IGHMBP2,IKBKAP,INVS,IVD,JAK3,LAMA2,LAMA3,LEPRE1,LYST,MCOLN1,MECP2,MEFV,MKS1,MMACHC,MPL,MTHFR,MVK,MYO5A,NEB,NHLRC1,NPC1,NPC2,NPHP3,NPHP4,NPHS1,NTRK1,OFD1,PAH,PKHD1,PMM2,PMP22,POLG,POMGNT1,PPT1,RAG1,RAG2,RAPSN,RPGRIP1L,SBDS,SERPINA1,SFTPB,SGSH,SLC26A2,SLC3A1,SMN1,SMPD1,TGM1,TMEM67,TSFM,TTN,TTPA,USH1C,USH2A,WNT10A"
"2011-09-13"	"2.0-32b"	"1"	"540"	"1159"	"412"	"ISTH-SSC VWF Online Database"	"http://grenada.lumc.nl/LOVD2/VWF/"	"VWF"
"2011-09-15"	"2.0-32b"	"8"	"687"	"1129"	"599"	"ARVD/C Genetic Variants Database"	"http://grenada.lumc.nl/LOVD2/ARVC/"	"DSC2,DSG2,DSP,JUP,PKP2,TGFB3,TMEM43,TP63"
"2011-09-15"	"2.0-09"	"6"	"380"	"1107"	"683"	"LOVD - Center for Medical Genetics, Ghent, Belgium"	"http://medgen.ugent.be/LOVD2/"	"COL2A1,FOXL2,NF1_germline,NF1_somatic,TGFBR1,TGFBR2"
"2011-09-15"	"2.0-32b"	"2"	"1071"	"1071"	"643"	"Multiple Osteochondroma Mutation Database"	"http://medgen.ua.ac.be/LOVDv.2.0/"	"EXT1,EXT2"
"2011-09-15"	"2.0-31"	"5"	"642"	"1027"	"776"	"LOVD at NCBI"	"http://www.ncbi.nlm.nih.gov/lovd/"	"ABCC6,DOCK8,FAS,IL2RG,OCRL"
"2011-09-15"	"2.0-32b"	"6"	"726"	"1000"	"556"	"TCA Cycle Gene Mutation Database"	"http://chromium.liacs.nl/LOVD2/SDH/"	"FH,SDHA,SDHAF2,SDHB,SDHC,SDHD"
"2011-09-15"	"2.0-29"	"13"	"598"	"983"	"331"	"dbPEX, PEX Gene Database"	"http://www.dbpex.org/"	"PEX1,PEX10,PEX12,PEX13,PEX14,PEX16,PEX19,PEX2,PEX26,PEX3,PEX5,PEX6,PEX7"
"2011-09-14"	"2.0-32b"	"68"	"643"	"874"	"578"	"LOVD - Leiden Open Variation Database"	"https://grenada.lumc.nl/LOVD2/shared1/"	"AARS,ACP5,ARID1A,ASXL1,ATP13A2,BICC1,BTD,CDON,CEP57,CHRNG,CHST1,CHST10,CHST11,CHST12,CHST13,CHST14,CHST15,CHST2,CHST3,CHST4,CHST5,CHST6,CHST7,CHST8,CHST9,CHST9AS1,COLEC11,DNAJC5,DNMT1,FAM20A,FLCN,FXR2,FZD3,FZD6,GPR172B,HSPB3,HTR1A,IQCB1,KIF1A,KIF7,LAMC3,MASP1,MAX,MRPL3,NDE1,NFIX,PLA2G6,POLR3A,PTPN14,PVRL4,SCNN1A,SCNN1B,SCNN1G,SDCCAG8,SLC12A6,SLC29A3,SLC6A3,SLC6A5,SPTLC1,SPTLC2,TBC1D24,TNFAIP3,TTC19,TWIST2,WNK1,ZBTB24,ZNF644,ZNF778"
"2011-09-15"	"2.0-12"	"7"	"534"	"639"	"450"	"Zhejiang University Center for Genetic and Genomic Medicine (ZJU-CGGM)"	"http://www.genomed.org/lovd/hnpcc/"	"APC,MLH1,MLH3,MSH2,MSH6,PMS1,PMS2"
"2011-09-15"	"2.0-31"	"1"	"313"	"581"	"149"	"HGD mutation database"	"http://hgddatabase.cvtisr.sk/"	"HGD"
"2011-09-15"	"2.0-32b"	"5"	"514"	"577"	"414"	"Ehlers-Danlos Syndrome Variant Database"	"https://eds.gene.le.ac.uk/"	"COL3A1,COL5A1,COL5A2,PLOD1,PLOD3"
"2011-08-11"	"2.0-32b"	"1"	"572"	"572"	"1"	"LOVD - Leiden Open Variation Database"	"https://chromium.liacs.nl/LOVD2/MG/"	"MG"
"2011-09-13"	"2.0-28"	"10"	"449"	"563"	"203"	"LOVD - Munich Open Variation Database"	"http://ihg.helmholtz-muenchen.de/LOVDv.2.0/"	"ABCC8,DMP1,ENPP1,FGF23,KCNJ11,MC2R,MRAP,NR0B1,PHEX,SLC34A3"
"2011-09-13"	"2.0-32b"	"6"	"160"	"491"	"150"	"LOVD - Leiden Open Variation Database"	"http://chromium.liacs.nl/LOVD2/growth/"	"GHR,IGF1,IGF1R,IGF2,IGFALS,STAT5B"
"2011-09-13"	"2.0-32b"	"1"	"379"	"439"	"289"	"Menkes Disease"	"https://grenada.lumc.nl/LOVD2/MD/"	"ATP7A"
"2011-09-15"	"2.0-32b"	"3"	"437"	"438"	"121"	"Familial Hemiplegic Migraine (FHM) Variation Database"	"http://grenada.lumc.nl/LOVD2/FHM/"	"ATP1A2,CACNA1A,SCN1A"
"2011-09-15"	"2.0-23"	"1"	"453"	"395"	"271"	"Bestrophin 1 (BEST1)"	"http://www-huge.uni-regensburg.de/BEST1_database/"	"BEST1"
"2011-06-18"	"2.0-20"	"187"	"389"	"390"	"323"	"IPGLOVD"	"http://fishmap2.igib.res.in/"	"ABO,ACTR1B,AGAP1,AIF1,AIRE,AP2B1,APBB2,APOBEC3G,ARHGAP36,C11ORF75,C13ORF31,CCDC122,CCL2,CCL5,CCR2,CCR5,CD209,CD24,CD36,CD40,CD45,CHI3L1,CNN3,COL3A1,CR1,CRADD,CRP,CSF2RB,CXCL12,CXCR1,CXCR2,CXCR6,CYLD,CYP17A1,CYP2C8,DCAF4,DDC,DEFB1,DNAJC2,EXOC4,F5,FBXO11,FCGR2A,FCGR2B,FCGR3A,FCN2,FDFT1,G6PD,GHRHR,GPC5,GSTP1,HABP2,HCP5,HFE,HLAC,HLAG,HP,ICAM1,IDH1,IFNAR1,IFNAR2,IFNB1,IFNG,IFNGR1,IFNGR2,IKBKB,IL10,IL10RA,IL10RB,IL12A,IL12B,IL12RB1,IL12RB2,IL13,IL18,IL18R1,IL1A,IL1B,IL2,IL20,IL22,IL28B,IL2RA,IL2RB,IL4,IL4R,IL6,IL8,IL9,IRAK4,IRF1,IRF7,IRS2,ITGAV,ITIH1,JAK2,JUB,KCNE1,KCNMA1,KIF1B,KLRK1,LIG4,LPIN2,LRRK2,LSAMP,LTA,LTA4H,LTF,MAPKAPK3,MBL2,MDM2,MIF,MMP1,MMP9,MPO,MRC1,MTHFR,MTTP,MYD88,MYLK,NAT2,NCOR2,NCR3,NEIL1,NFKB1,NOD2,NOS2,NOS3,OAS1,OASL,OR51E2,PECAM1,PLG,PPARA,PROZ,PRRC2A,PTPRC,PVR,RASGRP2,RIPK2,RNF144A,RXRG,RYR3,SCO1,SELE,SERPINC1,SERPINE1,SFTPA2,SLAMF1,SLC29A1,SLC4A1,SNX20,SOCS3,SOX5,SSX2IP,STXBP5L,TAF1L,TBX21,TGFB1,THRB,TIRAP,TLR1,TLR2,TLR3,TLR4,TLR5,TLR6,TLR7,TLR9,TM9SF2,TNF,TNFRSF1A,TNFRSF1B,TNFSF13B,TNFSF15,TRAF3,TRAF6,TRIM5,UBFD1,UCP2,UNC93B1,USP19,VCAM1,VDR,WWOX,XRCC5,ZFAND5"
"2011-09-15"	"2.0-31"	"2"	"179"	"382"	"57"	"MITOchondrial DYNamics variation pages"	"http://mitodyn.org/"	"GDAP1,OPA1"
"2011-09-15"	"2.0-32b"	"6"	"357"	"372"	"253"	"Parkinson's disease Mutation Database"	"http://grenada.lumc.nl/LOVD2/TPI/"	"LRRK2,PARK11,PARK2,PARK7,PINK1,SNCA"
"2011-07-01"	"1.1.0-05"	"1"	""	"358"	"358"	"Retinitis Pigmentosa GTPase Regulator database"	"http://rpgr.hgu.mrc.ac.uk/"	"RPGR"
"2011-09-15"	"2.0-25"	"9"	"357"	"357"	"221"	"Diamond-Blackfan Anemia"	"http://www.dbagenes.unito.it/"	"RPL11,RPL35A,RPL5,RPS10,RPS17,RPS19,RPS24,RPS26,RPS7"
"2011-09-15"	"2.0-28"	"3"	"354"	"354"	"296"	"NGRL, Manchester LOVD"	"http://ngrl.manchester.ac.uk/LOVDv.2.0/"	"CHM,L1CAM,UBE3A"
"2011-09-14"	"2.0-32b"	"2"	"34"	"291"	"55"	"LOVD 2.0 - ROR genes"	"http://grenada.lumc.nl/LOVD2/ROR/"	"ROR1,ROR2"
"2011-09-15"	"2.0-29"	"35"	"1"	"269"	"265"	"PCaMDB : A mutation database for prostate cancer"	"http://sysbio.org/"	"ANXA7,AR,BRCA1,BRCA2,CD82,CDH1,CDKN1B,CDKN2A,CHEK2,CYP17A1,CYP1B1,CYP3A4,ELAC2,EPHB2,GSTM1,GSTP1,GSTT1,HRAS,KLF6,KRAS,MAD1L1,MLH1,MSR1,MXI1,MYC,NKX3_1,NRAS,PLXNB1,PON1,PTEN,RNASEL,SRD5A2,TP53,VDR,ZFHX3"
"2011-09-15"	"2.0-32b"	"5"	"220"	"231"	"197"	"LOVD - Leiden Open Variation Database"	"http://grenada.lumc.nl/LOVD2/WS/"	"EDN3,EDNRB,MITF,PAX3,SOX10"
"2011-09-15"	"2.0-32b"	"2"	"228"	"228"	"227"	"LOVD - Leiden Open Variation Database"	"https://grenada.lumc.nl/LOVD2/ARC/"	"VIPAR,VPS33B"
"2011-07-12"	"2.0-22"	"157"	"222"	"225"	"188"	"miRvar"	"http://fishmap2.igib.res.in/mirlovd/"	"MIR101_2,MIR10B,MIR1178,MIR1181,MIR1185_2,MIR1206,MIR1226,MIR1229,MIR1248,MIR1255A,MIR1255B1,MIR1259,MIR126,MIR1260,MIR1265,MIR1269,MIR127,MIR1272,MIR1274A,MIR1277,MIR1282,MIR1285_2,MIR1292,MIR1294,MIR1302_3,MIR1303,MIR1304,MIR1307,MIR1308,MIR1322,MIR1324,MIR135A2,MIR142,MIR146A,MIR147B,MIR148A,MIR148B,MIR149,MIR151,MIR153_2,MIR16_2,MIR17,MIR184,MIR185,MIR188,MIR18A,MIR18B,MIR1908,MIR191,MIR193A,MIR194_2,MIR196A2,MIR197,MIR1975,MIR1977,MIR1977MT,MIR1978,MIR19A,MIR1_1,MIR202,MIR2053,MIR208B,MIR20A,MIR21,MIR2110,MIR220B,MIR222,MIR223,MIR224,MIR24_2,MIR25,MIR26A2,MIR27A,MIR300,MIR30A,MIR30C1,MIR30C2,MIR30E,MIR31,MIR323,MIR325,MIR335,MIR338,MIR340,MIR373,MIR375,MIR376A1,MIR379,MIR421,MIR423,MIR449B,MIR450A2,MIR451,MIR454,MIR492,MIR499,MIR502,MIR505,MIR509_1,MIR509_2,MIR509_3,MIR510,MIR518D,MIR521_2,MIR532,MIR548C,MIR548F5,MIR548H3,MIR548H4,MIR548J,MIR548L,MIR559,MIR564,MIR569,MIR570,MIR580,MIR581,MIR585,MIR590,MIR595,MIR603,MIR604,MIR605,MIR608,MIR612,MIR615,MIR617,MIR618,MIR624,MIR625,MIR631,MIR633,MIR646,MIR647,MIR650,MIR660,MIR663,MIR7_2,MIR888,MIR890,MIR891A,MIR891B,MIR892B,MIR92A1,MIR934,MIR938,MIR941_1,MIR941_3,MIR943,MIR96,MIR99A,MIR9_1,MIRLET7A1,MIRLET7A2,MIRLET7A3,MIRLET7F1,MIRLET7F2"
"2011-09-15"	"2.0-32b"	"1"	"83"	"172"	"57"	"Cerebrotendinous Xanthomatosis"	"http://grenada.lumc.nl/LOVD2/ctx/"	"CYP27A1"
"2011-09-13"	"2.0-31"	"1"	"111"	"158"	"97"	"UCLA Neurogenetics SETX Database"	"http://149.142.212.78/LOVD/"	"SETX"
"2011-09-14"	"2.0-16"	"1"	"150"	"150"	"84"	"The Folliculin Mutation Database"	"http://skingenedatabase.com/"	"FLCN"
"2011-07-11"	"2.0-20"	"50"	"110"	"112"	"112"	"Tuberculosis Susceptibility Locus Variation Database"	"http://genome.igib.res.in/tblovd/"	"AKT1,ALOX5,BCL2A1,BTNL2,CCL1,CCL18,CCL2,CCL4,CCL5,CD14,CD209,CHIT1,CISH,CR1,GALNT13,HLADPB1,HLADQB1,IFNG,IFNGR1,IL10,IL12A,IL12B,IL12RB1,IL1B,IL4,IL8,INHA,MBL2,MC3R,MIF,NAT2,NAT8B,NOD2,NOS2,NRAMP1,P2RX7,PTPN22,SLC22A5,SP110,STAT5B,TFF2,TIRAP,TLR2,TLR4,TLR8,TNF,TNFRSF1A,TNFRSF1B,VDR,WNT5A"
"2011-09-15"	"2.0-32b"	"1"	"106"	"107"	"81"	"LOVD - Leiden Open Variation Database"	"http://grenada.lumc.nl/LOVD2/amc/"	"PORCN"
"2011-09-09"	"2.0-30"	"1"	"91"	"91"	"63"	"a1atvar"	"http://www.goldenhelix.org/server/a1atvar/"	"SERPINA1"
"2011-08-18"	"2.0-20"	"26"	"35"	"35"	"35"	"Pharmacogenomics of Infectious Diseases"	"http://fishmap2.igib.res.in/PGx/"	"ABCB1,ABCC1,ABCC2,ADA,APOC3,APOE,CARD9,CLEC5A,CYP1A2,CYP2B6,CYP2C19,CYP2C8,CYP2C9,CYP3A4,CYP3A5,CYP3A7,HCP5,IL1B,IL28B,PDGFRA,SLC22A7,SLCO1A2,SPINK1,TGFB1,TLR3,TLR4"
"2011-09-14"	"2.0-32b"	"2"	"23"	"26"	"22"	"Treacher Collins syndrome variant database"	"https://grenada.lumc.nl/LOVD2/TCS/"	"POLR1C,POLR1D"
"2011-09-15"	"3.0-alpha-03"	"21019"	"1"	"3"	"3"	"LOVD - Leiden Open Variation Database"	"https://grenada.lumc.nl/LOVD3/shared/"	"A1BG,A1BG-AS1,A1CF,A2LD1,A2M,A2ML1,A4GALT,A4GNT,AAAS,AACS,AACSP1,AADAC,AADACL2,AADACL3,AADACL4,AADAT,AAGAB,AAK1,AAMP,AANAT,AARS,AARS2,AARSD1,AASDH,AASDHPPT,AASS,AATF,AATK,ABAT,ABCA1,ABCA10,ABCA11P,ABCA12,ABCA13,ABCA17P,ABCA2,ABCA3,ABCA4,ABCA5,ABCA6,ABCA7,ABCA8,ABCA9,ABCB1,ABCB10,ABCB11,ABCB4,ABCB5,ABCB6,ABCB7,ABCB8,ABCB9,ABCC1,ABCC10,ABCC11,ABCC12,ABCC13,ABCC2,ABCC3,ABCC4,ABCC5,ABCC6,ABCC6P1,ABCC6P2,ABCC8,ABCC9,ABCD1,ABCD2,ABCD3,ABCD4,ABCE1,ABCF1,ABCF2,ABCF3,ABCG1,ABCG2,ABCG4,ABCG5,ABCG8,ABHD1,ABHD10,ABHD11,ABHD12,ABHD12B,ABHD13,ABHD14A,ABHD14B,ABHD15,ABHD16A,ABHD16B,ABHD2,ABHD3,ABHD4,ABHD5,ABHD6,ABHD8,ABI1,ABI2,ABI3,ABI3BP,ABL1,ABL2,ABLIM1,ABLIM2,ABLIM3,ABO,ABP1,ABR,ABRA,ABT1,ABTB1,ABTB2,ACAA1,ACAA2,ACACA,ACACB,ACAD10,ACAD11,ACAD8,ACAD9,ACADL,ACADM,ACADS,ACADSB,ACADVL,ACAN,ACAP1,ACAP2,ACAP3,ACAT1,ACAT2,ACBD3,ACBD4,ACBD5,ACBD6,ACBD7,ACCN1,ACCN2,ACCN3,ACCN4,ACCN5,ACCS,ACCSL,ACD,ACE,ACE2,ACER1,ACER2,ACER3,ACHE,ACIN1,ACLY,ACMSD,ACN9,ACO1,ACO2,ACOT1,ACOT11,ACOT12,ACOT13,ACOT2,ACOT4,ACOT6,ACOT7,ACOT8,ACOT9,ACOX1,ACOX2,ACOX3,ACOXL,ACP1,ACP2,ACP5,ACP6,ACPL2,ACPP,ACPT,ACR,ACRBP,ACRC,ACRV1,ACSBG1,ACSBG2,ACSF2,ACSF3,ACSL1,ACSL3,ACSL4,ACSL5,ACSL6,ACSM1,ACSM2A,ACSM2B,ACSM3,ACSM4,ACSM5,ACSS1,ACSS2,ACSS3,ACTA1,ACTA2,ACTB,ACTBL2,ACTC1,ACTG1,ACTG2,ACTL6A,ACTL6B,ACTL7A,ACTL7B,ACTL8,ACTL9,ACTN1,ACTN2,ACTN3,ACTN4,ACTR10,ACTR1A,ACTR1B,ACTR2,ACTR3,ACTR3B,ACTR3BP2,ACTR3C,ACTR5,ACTR6,ACTR8,ACTRT1,ACTRT2,ACVR1,ACVR1B,ACVR1C,ACVR2A,ACVR2B,ACVRL1,ACY1,ACY3,ACYP1,ACYP2,ADA,ADAD1,ADAD2,ADAL,ADAM1,ADAM10,ADAM11,ADAM12,ADAM15,ADAM17,ADAM18,ADAM19,ADAM2,ADAM20,ADAM21,ADAM21P1,ADAM22,ADAM23,ADAM28,ADAM29,ADAM30,ADAM32,ADAM33,ADAM3A,ADAM5P,ADAM6,ADAM7,ADAM8,ADAM9,ADAMDEC1,ADAMTS1,ADAMTS10,ADAMTS12,ADAMTS13,ADAMTS14,ADAMTS15,ADAMTS16,ADAMTS17,ADAMTS18,ADAMTS19,ADAMTS2,ADAMTS20,ADAMTS3,ADAMTS4,ADAMTS5,ADAMTS6,ADAMTS7,ADAMTS8,ADAMTS9,ADAMTSL1,ADAMTSL2,ADAMTSL3,ADAMTSL4,ADAMTSL5,ADAP1,ADAP2,ADAR,ADARB1,ADARB2,ADAT1,ADAT2,ADAT3,ADC,ADCK1,ADCK2,ADCK3,ADCK4,ADCK5,ADCY1,ADCY10,ADCY2,ADCY3,ADCY4,ADCY5,ADCY6,ADCY7,ADCY8,ADCY9,ADCYAP1,ADCYAP1R1,ADD1,ADD2,ADD3,ADH1A,ADH1B,ADH1C,ADH4,ADH5,ADH6,ADH7,ADHFE1,ADI1,ADIG,ADIPOQ,ADIPOR1,ADIPOR2,ADK,ADM,ADM2,ADNP,ADNP2,ADO,ADORA1,ADORA2A,ADORA2B,ADORA3,ADPGK,ADPRH,ADPRHL1,ADPRHL2,ADRA1A,ADRA1B,ADRA1D,ADRA2A,ADRA2B,ADRA2C,ADRB1,ADRB2,ADRB3,ADRBK1,ADRBK2,ADRM1,ADSL,ADSS,ADSSL1,AEBP1,AEBP2,AEN,AES,AFAP1,AFAP1-AS1,AFAP1L1,AFAP1L2,AFF1,AFF2,AFF3,AFF4,AFG3L1P,AFG3L2,AFM,AFMID,AFP,AFTPH,AGA,AGAP1,AGAP11,AGAP2,AGAP3,AGAP4,AGAP5,AGAP6,AGAP7,AGAP8,AGAP9,AGBL1,AGBL2,AGBL3,AGBL4,AGBL5,AGER,AGFG1,AGFG2,AGGF1,AGK,AGL,AGMAT,AGMO,AGPAT1,AGPAT2,AGPAT3,AGPAT4,AGPAT5,AGPAT6,AGPAT9,AGPHD1,AGPS,AGR2,AGR3,AGRN,AGRP,AGT,AGTPBP1,AGTR1,AGTR2,AGTRAP,AGXT,AGXT2,AGXT2L1,AGXT2L2,AHCTF1,AHCY,AHCYL1,AHCYL2,AHDC1,AHI1,AHNAK,AHNAK2,AHR,AHRR,AHSA1,AHSA2,AHSG,AHSP,AICDA,AIDA,AIF1,AIF1L,AIFM1,AIFM2,AIFM3,AIG1,AIM1,AIM1L,AIM2,AIMP1,AIMP2,AIP,AIPL1,AIRE,AJAP1,AK1,AK2,AK3,AK4,AK5,AK7,AK8,AKAP1,AKAP10,AKAP11,AKAP12,AKAP13,AKAP14,AKAP17A,AKAP2,AKAP3,AKAP4,AKAP5,AKAP6,AKAP7,AKAP8,AKAP8L,AKAP9,AKD1,AKIP1,AKIRIN1,AKIRIN2,AKIRIN2-AS1,AKNA,AKNAD1,AKR1A1,AKR1B1,AKR1B10,AKR1B15,AKR1C1,AKR1C2,AKR1C3,AKR1C4,AKR1CL1,AKR1D1,AKR1E2,AKR7A2,AKR7A2P1,AKR7A3,AKR7L,AKT1,AKT1S1,AKT2,AKT3,AKTIP,ALAD,ALAS1,ALAS2,ALB,ALCAM,ALDH16A1,ALDH18A1,ALDH1A1,ALDH1A2,ALDH1A3,ALDH1B1,ALDH1L1,ALDH1L2,ALDH2,ALDH3A1,ALDH3A2,ALDH3B1,ALDH3B2,ALDH4A1,ALDH5A1,ALDH6A1,ALDH7A1,ALDH8A1,ALDH9A1,ALDOA,ALDOB,ALDOC,ALG1,ALG10,ALG10B,ALG11,ALG12,ALG13,ALG14,ALG1L,ALG1L2,ALG2,ALG3,ALG5,ALG6,ALG8,ALG9,ALK,ALKBH1,ALKBH2,ALKBH3,ALKBH4,ALKBH5,ALKBH6,ALKBH7,ALKBH8,ALLC,ALMS1,ALMS1P,ALOX12,ALOX12B,ALOX12P2,ALOX15,ALOX15B,ALOX5,ALOX5AP,ALOXE3,ALPI,ALPK1,ALPK2,ALPK3,ALPL,ALPP,ALPPL2,ALS2,ALS2CL,ALS2CR11,ALS2CR12,ALS2CR4,ALS2CR8,ALX1,ALX3,ALX4,AMAC1,AMAC1L2,AMAC1L3,AMACR,AMBN,AMBP,AMBRA1,AMD1,AMDHD1,AMDHD2,AMELX,AMELY,AMFR,AMH,AMHR2,AMICA1,AMIGO1,AMIGO2,AMIGO3,AMMECR1,AMMECR1L,AMN,AMN1,AMOT,AMOTL1,AMOTL2,AMPD1,AMPD2,AMPD3,AMPH,AMT,AMTN,AMY1A,AMY1B,AMY1C,AMY2A,AMY2B,AMZ1,AMZ2,AMZ2P1,ANAPC1,ANAPC10,ANAPC11,ANAPC13,ANAPC16,ANAPC2,ANAPC4,ANAPC5,ANAPC7,ANG,ANGEL1,ANGEL2,ANGPT1,ANGPT2,ANGPT4,ANGPTL1,ANGPTL2,ANGPTL3,ANGPTL4,ANGPTL5,ANGPTL6,ANGPTL7,ANK1,ANK2,ANK3,ANKAR,ANKDD1A,ANKFN1,ANKFY1,ANKH,ANKHD1,ANKHD1-EIF4EBP3,ANKIB1,ANKK1,ANKLE1,ANKLE2,ANKMY1,ANKMY2,ANKRA2,ANKRD1,ANKRD10,ANKRD11,ANKRD12,ANKRD13A,ANKRD13B,ANKRD13C,ANKRD13D,ANKRD16,ANKRD17,ANKRD18A,ANKRD19P,ANKRD2,ANKRD20A1,ANKRD20A2,ANKRD20A3,ANKRD20A4,ANKRD20A8P,ANKRD22,ANKRD23,ANKRD24,ANKRD26,ANKRD26P1,ANKRD27,ANKRD28,ANKRD29,ANKRD30A,ANKRD30B,ANKRD30BL,ANKRD30BP2,ANKRD31,ANKRD32,ANKRD33,ANKRD33B,ANKRD34A,ANKRD34B,ANKRD34C,ANKRD35,ANKRD36,ANKRD36B,ANKRD36BP1,ANKRD36BP2,ANKRD37,ANKRD39,ANKRD40,ANKRD42,ANKRD43,ANKRD44,ANKRD45,ANKRD46,ANKRD49,ANKRD5,ANKRD50,ANKRD52,ANKRD53,ANKRD54,ANKRD55,ANKRD56,ANKRD57,ANKRD58,ANKRD6,ANKRD7,ANKRD9,ANKS1A,ANKS1B,ANKS3,ANKS4B,ANKS6,ANKZF1,ANLN,ANO1,ANO10,ANO2,ANO3,ANO4,ANO5,ANO6,ANO7,ANO8,ANO9,ANP32A,ANP32B,ANP32C,ANP32D,ANP32E,ANPEP,ANTXR1,ANTXR2,ANTXRL,ANUBL1,ANXA1,ANXA10,ANXA11,ANXA13,ANXA2,ANXA2P1,ANXA2P2,ANXA2P3,ANXA3,ANXA4,ANXA5,ANXA6,ANXA7,ANXA8,ANXA8L1,ANXA8L2,ANXA9,AOAH,AOC2,AOC3,AOX1,AOX2P,AP1AR,AP1B1,AP1G1,AP1G2,AP1M1,AP1M2,AP1S1,AP1S2,AP1S3,AP2A1,AP2A2,AP2B1,AP2M1,AP2S1,AP3B1,AP3B2,AP3D1,AP3M1,AP3M2,AP3S1,AP3S2,AP4B1,AP4E1,AP4M1,AP4S1,APAF1,APBA1,APBA2,APBA3,APBB1,APBB1IP,APBB2,APBB3,APC,APC2,APCDD1,APCDD1L,APCS,APEH,APEX1,APEX2,APH1A,APH1B,API5,APIP,APITD1,APITD1-CORT,APLF,APLN,APLNR,APLP1,APLP2,APOA1,APOA1BP,APOA2,APOA4,APOA5,APOB,APOBEC1,APOBEC2,APOBEC3A,APOBEC3B,APOBEC3C,APOBEC3D,APOBEC3F,APOBEC3G,APOBEC3H,APOBEC4,APOBR,APOC1,APOC1P1,APOC2,APOC3,APOC4,APOD,APOE,APOF,APOH,APOL1,APOL2,APOL3,APOL4,APOL5,APOL6,APOLD1,APOM,APOO,APOOL,APP,APPBP2,APPL1,APPL2,APRT,APTX,AQP1,AQP10,AQP11,AQP12A,AQP12B,AQP2,AQP3,AQP4,AQP5,AQP6,AQP7,AQP7P1,AQP7P2,AQP7P3,AQP8,AQP9,AQR,AR,ARAF,ARAP1,ARAP2,ARAP3,ARC,ARCN1,AREG,ARF1,ARF3,ARF4,ARF5,ARF6,ARFGAP1,ARFGAP2,ARFGAP3,ARFGEF1,ARFGEF2,ARFIP1,ARFIP2,ARFRP1,ARG1,ARG2,ARGFX,ARGFXP2,ARGLU1,ARHGAP1,ARHGAP10,ARHGAP11A,ARHGAP11B,ARHGAP12,ARHGAP15,ARHGAP17,ARHGAP18,ARHGAP19,ARHGAP20,ARHGAP21,ARHGAP22,ARHGAP23,ARHGAP24,ARHGAP25,ARHGAP26,ARHGAP27,ARHGAP28,ARHGAP29,ARHGAP30,ARHGAP31,ARHGAP32,ARHGAP33,ARHGAP36,ARHGAP39,ARHGAP4,ARHGAP40,ARHGAP42,ARHGAP44,ARHGAP5,ARHGAP6,ARHGAP8,ARHGAP9,ARHGDIA,ARHGDIB,ARHGDIG,ARHGEF1,ARHGEF10,ARHGEF10L,ARHGEF11,ARHGEF12,ARHGEF15,ARHGEF16,ARHGEF17,ARHGEF18,ARHGEF19,ARHGEF2,ARHGEF25,ARHGEF26,ARHGEF3,ARHGEF33,ARHGEF35,ARHGEF37,ARHGEF38,ARHGEF4,ARHGEF40,ARHGEF5,ARHGEF6,ARHGEF7,ARHGEF9,ARID1A,ARID1B,ARID2,ARID3A,ARID3B,ARID3C,ARID4A,ARID4B,ARID5A,ARID5B,ARIH1,ARIH2,ARL1,ARL10,ARL11,ARL13A,ARL13B,ARL14,ARL15,ARL16,ARL17A,ARL17B,ARL2,ARL2BP,ARL3,ARL4A,ARL4C,ARL4D,ARL5A,ARL5B,ARL5C,ARL6,ARL6IP1,ARL6IP4,ARL6IP5,ARL6IP6,ARL8A,ARL8B,ARL9,ARMC1,ARMC10,ARMC2,ARMC3,ARMC4,ARMC5,ARMC6,ARMC7,ARMC8,ARMC9,ARMCX1,ARMCX2,ARMCX3,ARMCX4,ARMCX5,ARMCX6,ARMS2,ARNT,ARNT2,ARNTL,ARNTL2,ARPC1A,ARPC1B,ARPC2,ARPC3,ARPC4,ARPC4-TTLL3,ARPC5,ARPC5L,ARPP19,ARPP21,ARR3,ARRB1,ARRB2,ARRDC1,ARRDC2,ARRDC3,ARRDC4,ARRDC5,ARSA,ARSB,ARSD,ARSE,ARSF,ARSG,ARSH,ARSI,ARSJ,ARSK,ART1,ART3,ART4,ART5,ARTN,ARV1,ARVCF,ARX,AS3MT,ASAH1,ASAH2,ASAH2B,ASAP1,ASAP1-IT1,ASAP2,ASAP3,ASB1,ASB10,ASB11,ASB12,ASB13,ASB14,ASB15,ASB16,ASB17,ASB18,ASB2,ASB3,ASB4,ASB5,ASB6,ASB7,ASB8,ASB9,ASB9P1,ASCC1,ASCC2,ASCC3,ASCL1,ASCL2,ASCL3,ASCL4,ASF1A,ASF1B,ASGR1,ASGR2,ASH1L,ASH2L,ASIP,ASL,ASMT,ASMTL,ASMTL-AS1,ASNA1,ASNS,ASNSD1,ASPA,ASPDH,ASPG,ASPH,ASPHD1,ASPHD2,ASPM,ASPN,ASPRV1,ASPSCR1,ASRGL1,ASS1,ASTE1,ASTL,ASTN1,ASTN2,ASXL1,ASXL2,ASXL3,ASZ1,ATAD1,ATAD2,ATAD2B,ATAD3A,ATAD3B,ATAD3C,ATAD5,ATAT1,ATCAY,ATE1,ATF1,ATF2,ATF3,ATF4,ATF5,ATF6,ATF6B,ATF7,ATF7IP,ATF7IP2,ATG10,ATG12,ATG13,ATG14,ATG16L1,ATG16L2,ATG2A,ATG2B,ATG3,ATG4A,ATG4B,ATG4C,ATG4D,ATG5,ATG7,ATG9A,ATG9B,ATHL1,ATIC,ATL1,ATL2,ATL3,ATM,ATMIN,ATN1,ATOH1,ATOH7,ATOH8,ATOX1,ATP10A,ATP10B,ATP10D,ATP11A,ATP11B,ATP11C,ATP12A,ATP13A1,ATP13A2,ATP13A3,ATP13A4,ATP13A5,ATP1A1,ATP1A1OS,ATP1A2,ATP1A3,ATP1A4,ATP1B1,ATP1B2,ATP1B3,ATP1B4,ATP2A1,ATP2A2,ATP2A3,ATP2B1,ATP2B2,ATP2B3,ATP2B4,ATP2C1,ATP2C2,ATP4A,ATP4B,ATP5A1,ATP5B,ATP5C1,ATP5D,ATP5E,ATP5EP2,ATP5F1,ATP5G1,ATP5G2,ATP5G3,ATP5H,ATP5I,ATP5J,ATP5J2,ATP5J2-PTCD1,ATP5L,ATP5L2,ATP5O,ATP5S,ATP5SL,ATP6AP1,ATP6AP1L,ATP6AP2,ATP6V0A1,ATP6V0A2,ATP6V0A4,ATP6V0B,ATP6V0C,ATP6V0D1,ATP6V0D2,ATP6V0E1,ATP6V0E2,ATP6V1A,ATP6V1B1,ATP6V1B2,ATP6V1C1,ATP6V1C2,ATP6V1D,ATP6V1E1,ATP6V1E2,ATP6V1F,ATP6V1G1,ATP6V1G2,ATP6V1G3,ATP6V1H,ATP7A,ATP7B,ATP8A1,ATP8A2,ATP8B1,ATP8B2,ATP8B3,ATP8B4,ATP8B5P,ATP9A,ATP9B,ATPAF1,ATPAF2,ATPBD4,ATPIF1,ATR,ATRIP,ATRN,ATRNL1,ATRX,ATXN1,ATXN10,ATXN1L,ATXN2,ATXN2L,ATXN3,ATXN3L,ATXN7,ATXN7L1,ATXN7L2,ATXN7L3,ATXN7L3B,ATXN8OS,AUH,AUP1,AURKA,AURKAIP1,AURKAPS1,AURKB,AURKC,AUTS2,AVEN,AVIL,AVL9,AVP,AVPI1,AVPR1A,AVPR1B,AVPR2,AWAT1,AWAT2,AXDND1,AXIN1,AXIN2,AXL,AZGP1,AZGP1P1,AZI1,AZI2,AZIN1,AZU1,B2M,B3GALNT1,B3GALNT2,B3GALT1,B3GALT2,B3GALT4,B3GALT5,B3GALT6,B3GALTL,B3GAT1,B3GAT2,B3GAT3,B3GNT1,B3GNT2,B3GNT3,B3GNT4,B3GNT5,B3GNT6,B3GNT7,B3GNT8,B3GNT9,B3GNTL1,B4GALNT1,B4GALNT2,B4GALNT3,B4GALNT4,B4GALT1,B4GALT2,B4GALT3,B4GALT4,B4GALT5,B4GALT6,B4GALT7,B9D1,B9D2,BAALC,BAAT,BABAM1,BACE1,BACE1-AS,BACE2,BACH1,BACH2,BAD,BAG1,BAG2,BAG3,BAG4,BAG5,BAG6,BAGE,BAGE2,BAGE3,BAGE4,BAGE5,BAHCC1,BAHD1,BAI1,BAI2,BAI3,BAIAP2,BAIAP2L1,BAIAP2L2,BAIAP3,BAK1,BAMBI,BANF1,BANF2,BANK1,BANP,BAP1,BARD1,BARHL1,BARHL2,BARX1,BARX2,BASP1,BASP1P1,BATF,BATF2,BATF3,BAX,BAZ1A,BAZ1B,BAZ2A,BAZ2B,BBC3,BBIP1,BBOX1,BBS1,BBS10,BBS12,BBS2,BBS4,BBS5,BBS7,BBS9,BBX,BCAM,BCAN,BCAP29,BCAP31,BCAR1,BCAR3,BCAR4,BCAS1,BCAS2,BCAS3,BCAS4,BCAT1,BCAT2,BCCIP,BCDIN3D,BCHE,BCKDHA,BCKDHB,BCKDK,BCL10,BCL11A,BCL11B,BCL2,BCL2A1,BCL2L1,BCL2L10,BCL2L11,BCL2L12,BCL2L13,BCL2L14,BCL2L15,BCL2L2,BCL3,BCL6,BCL6B,BCL7A,BCL7B,BCL7C,BCL9,BCL9L,BCLAF1,BCMO1,BCO2,BCOR,BCORL1,BCORP1,BCR,BCRP2,BCRP3,BCS1L,BCYRN1,BDH1,BDH2,BDKRB1,BDKRB2,BDNF,BDNF-AS1,BDP1,BEAN1,BECN1,BEGAIN,BEND2,BEND3,BEND4,BEND5,BEND6,BEND7,BEST1,BEST2,BEST3,BEST4,BET1,BET1L,BET3L,BEX1,BEX2,BEX4,BEX5,BFAR,BFSP1,BFSP2,BGLAP,BGN,BHLHA15,BHLHA9,BHLHB9,BHLHE22,BHLHE23,BHLHE40,BHLHE41,BHMT,BHMT2,BICC1,BICD1,BICD2,BID,BIK,BIN1,BIN2,BIN3,BIRC2,BIRC3,BIRC5,BIRC6,BIRC7,BIRC8,BIVM,BLCAP,BLID,BLK,BLM,BLMH,BLNK,BLOC1S1,BLOC1S2,BLOC1S3,BLVRA,BLVRB,BLZF1,BMF,BMI1,BMP1,BMP10,BMP15,BMP2,BMP2K,BMP3,BMP4,BMP5,BMP6,BMP7,BMP8A,BMP8B,BMPER,BMPR1A,BMPR1B,BMPR2,BMS1,BMS1P1,BMS1P4,BMS1P5,BMX,BNC1,BNC2,BNIP1,BNIP2,BNIP3,BNIP3L,BNIPL,BOC,BOD1,BOD1L,BOD1P,BOK,BOK-AS1,BOLA1,BOLA2,BOLA2B,BOLA3,BOLL,BOP1,BPESC1,BPGM,BPHL,BPI,BPIL1,BPIL2,BPIL3,BPNT1,BPTF,BPY2,BPY2B,BPY2C,BRAF,BRAP,BRAT1,BRCA1,BRCA2,BRCC3,BRD1,BRD2,BRD3,BRD4,BRD7,BRD7P3,BRD8,BRD9,BRDT,BRE,BRF1,BRF2,BRI3,BRI3BP,BRIP1,BRIX1,BRMS1,BRMS1L,BROX,BRP44,BRP44L,BRPF1,BRPF3,BRS3,BRSK1,BRSK2,BRWD1,BRWD3,BSCL2,BSDC1,BSG,BSN,BSND,BSPH1,BSPRY,BST1,BST2,BSX,BTAF1,BTBD1,BTBD10,BTBD11,BTBD16,BTBD17,BTBD18,BTBD19,BTBD2,BTBD3,BTBD6,BTBD7,BTBD8,BTBD9,BTC,BTD,BTF3,BTF3L4,BTF3P11,BTG1,BTG2,BTG3,BTG4,BTK,BTLA,BTN1A1,BTN2A1,BTN2A2,BTN2A3,BTN3A1,BTN3A2,BTN3A3,BTNL2,BTNL3,BTNL8,BTNL9,BTRC,BUB1,BUB1B,BUB3,BUD13,BUD31,BVES,BYSL,BZRAP1,BZW1,BZW2,C10orf10,C10orf105,C10orf107,C10orf108,C10orf11,C10orf111,C10orf113,C10orf114,C10orf116,C10orf118,C10orf12,C10orf120,C10orf122,C10orf125,C10orf128,C10orf129,C10orf131,C10orf136,C10orf137,C10orf140,C10orf18,C10orf2,C10orf25,C10orf26,C10orf27,C10orf28,C10orf32,C10orf35,C10orf40,C10orf46,C10orf47,C10orf53,C10orf54,C10orf55,C10orf57,C10orf58,C10orf62,C10orf67,C10orf68,C10orf71,C10orf72,C10orf76,C10orf81,C10orf82,C10orf84,C10orf88,C10orf90,C10orf91,C10orf92,C10orf93,C10orf95,C10orf96,C10orf99,C11orf1,C11orf10,C11orf16,C11orf2,C11orf20,C11orf21,C11orf24,C11orf30,C11orf31,C11orf34,C11orf35,C11orf36,C11orf40,C11orf41,C11orf42,C11orf45,C11orf46,C11orf48,C11orf49,C11orf51,C11orf52,C11orf53,C11orf54,C11orf57,C11orf58,C11orf61,C11orf63,C11orf65,C11orf66,C11orf67,C11orf68,C11orf70,C11orf71,C11orf73,C11orf74,C11orf75,C11orf80,C11orf82,C11orf83,C11orf84,C11orf85,C11orf86,C11orf87,C11orf88,C11orf9,C11orf90,C11orf91,C11orf92,C11orf93,C11orf94,C11orf95,C11orf96,C12orf10,C12orf11,C12orf12,C12orf23,C12orf24,C12orf26,C12orf29,C12orf32,C12orf33,C12orf34,C12orf35,C12orf36,C12orf39,C12orf4,C12orf40,C12orf41,C12orf42,C12orf43,C12orf44,C12orf45,C12orf47,C12orf48,C12orf49,C12orf5,C12orf50,C12orf51,C12orf52,C12orf53,C12orf54,C12orf56,C12orf57,C12orf59,C12orf60,C12orf61,C12orf62,C12orf63,C12orf65,C12orf66,C12orf67,C12orf68,C12orf69,C12orf70,C12orf71,C12orf73,C12orf74,C12orf75,C12orf76,C12orf77,C13orf1,C13orf15,C13orf16,C13orf18,C13orf23,C13orf26,C13orf27,C13orf29,C13orf30,C13orf31,C13orf33,C13orf34,C13orf35,C13orf36,C13orf38,C13orf38-SOHLH2,C13orf40,C14orf1,C14orf101,C14orf102,C14orf104,C14orf105,C14orf109,C14orf118,C14orf119,C14orf126,C14orf128,C14orf129,C14orf132,C14orf135,C14orf139,C14orf142,C14orf147,C14orf148,C14orf149,C14orf153,C14orf156,C14orf159,C14orf162,C14orf165,C14orf166,C14orf166B,C14orf167,C14orf169,C14orf176,C14orf177,C14orf178,C14orf179,C14orf180,C14orf182,C14orf183,C14orf184,C14orf19,C14orf2,C14orf21,C14orf23,C14orf28,C14orf33,C14orf34,C14orf37,C14orf38,C14orf39,C14orf43,C14orf45,C14orf48,C14orf49,C14orf50,C14orf55,C14orf64,C14orf70,C14orf79,C14orf80,C14orf82,C14orf86,C14orf93,C15orf17,C15orf2,C15orf23,C15orf24,C15orf26,C15orf27,C15orf29,C15orf32,C15orf33,C15orf34,C15orf37,C15orf38,C15orf38-AP3S2,C15orf39,C15orf40,C15orf41,C15orf42,C15orf43,C15orf44,C15orf48,C15orf5,C15orf50,C15orf52,C15orf53,C15orf54,C15orf55,C15orf56,C15orf57,C15orf58,C15orf59,C15orf60,C15orf61,C15orf62,C15orf63,C16orf11,C16orf13,C16orf3,C16orf42,C16orf45,C16orf46,C16orf48,C16orf5,C16orf52,C16orf53,C16orf54,C16orf55,C16orf57,C16orf58,C16orf59,C16orf61,C16orf62,C16orf7,C16orf70,C16orf71,C16orf72,C16orf73,C16orf74,C16orf75,C16orf78,C16orf79,C16orf80,C16orf82,C16orf86,C16orf87,C16orf88,C16orf89,C16orf90,C16orf91,C16orf92,C16orf93,C17orf100,C17orf101,C17orf102,C17orf103,C17orf104,C17orf105,C17orf106,C17orf107,C17orf108,C17orf28,C17orf37,C17orf39,C17orf42,C17orf46,C17orf47,C17orf48,C17orf49,C17orf50,C17orf51,C17orf53,C17orf54,C17orf55,C17orf56,C17orf57,C17orf58,C17orf59,C17orf60,C17orf61,C17orf62,C17orf63,C17orf64,C17orf65,C17orf66,C17orf67,C17orf69,C17orf70,C17orf71,C17orf72,C17orf73,C17orf74,C17orf75,C17orf76,C17orf77,C17orf78,C17orf79,C17orf80,C17orf81,C17orf82,C17orf85,C17orf86,C17orf87,C17orf88,C17orf89,C17orf90,C17orf91,C17orf96,C17orf97,C17orf98,C17orf99,C18orf1,C18orf10,C18orf18,C18orf19,C18orf2,C18orf21,C18orf25,C18orf26,C18orf32,C18orf34,C18orf45,C18orf54,C18orf55,C18orf56,C18orf62,C18orf8,C19orf10,C19orf12,C19orf18,C19orf2,C19orf20,C19orf21,C19orf22,C19orf23,C19orf24,C19orf25,C19orf26,C19orf28,C19orf29,C19orf33,C19orf34,C19orf35,C19orf38,C19orf39,C19orf40,C19orf42,C19orf43,C19orf44,C19orf45,C19orf46,C19orf47,C19orf48,C19orf50,C19orf51,C19orf52,C19orf53,C19orf54,C19orf55,C19orf56,C19orf57,C19orf59,C19orf6,C19orf60,C19orf61,C19orf63,C19orf66,C19orf69,C19orf70,C19orf71,C19orf73,C19orf75,C19orf76,C19orf77,C1D,C1GALT1,C1GALT1C1,C1orf100,C1orf101,C1orf105,C1orf106,C1orf109,C1orf110,C1orf111,C1orf112,C1orf114,C1orf115,C1orf116,C1orf122,C1orf123,C1orf124,C1orf126,C1orf127,C1orf129,C1orf130,C1orf131,C1orf133,C1orf135,C1orf141,C1orf144,C1orf146,C1orf150,C1orf151,C1orf152,C1orf158,C1orf159,C1orf162,C1orf168,C1orf170,C1orf172,C1orf173,C1orf174,C1orf177,C1orf180,C1orf182,C1orf183,C1orf185,C1orf186,C1orf187,C1orf189,C1orf190,C1orf192,C1orf194,C1orf198,C1orf200,C1orf201,C1orf204,C1orf21,C1orf210,C1orf212,C1orf213,C1orf216,C1orf220,C1orf226,C1orf227,C1orf228,C1orf229,C1orf27,C1orf31,C1orf35,C1orf38,C1orf43,C1orf49,C1orf50,C1orf51,C1orf52,C1orf53,C1orf54,C1orf55,C1orf56,C1orf61,C1orf63,C1orf64,C1orf65,C1orf68,C1orf70,C1orf74,C1orf84,C1orf85,C1orf86,C1orf87,C1orf88,C1orf9,C1orf93,C1orf94,C1orf95,C1orf96,C1orf97,C1QA,C1QB,C1QBP,C1QC,C1QL1,C1QL2,C1QL3,C1QL4,C1QTNF1,C1QTNF2,C1QTNF3,C1QTNF4,C1QTNF5,C1QTNF6,C1QTNF7,C1QTNF8,C1QTNF9,C1QTNF9B,C1R,C1RL,C1S,C2,C20orf103,C20orf106,C20orf107,C20orf108,C20orf11,C20orf111,C20orf112,C20orf114,C20orf118,C20orf12,C20orf123,C20orf132,C20orf134,C20orf141,C20orf144,C20orf151,C20orf152,C20orf160,C20orf165,C20orf166,C20orf173,C20orf177,C20orf185,C20orf186,C20orf191,C20orf194,C20orf195,C20orf196,C20orf197,C20orf20,C20orf200,C20orf201,C20orf202,C20orf203,C20orf24,C20orf26,C20orf27,C20orf29,C20orf3,C20orf30,C20orf4,C20orf43,C20orf46,C20orf54,C20orf7,C20orf70,C20orf71,C20orf72,C20orf79,C20orf85,C20orf94,C20orf96,C21orf119,C21orf122,C21orf128,C21orf129,C21orf2,C21orf33,C21orf34,C21orf37,C21orf49,C21orf54,C21orf56,C21orf58,C21orf59,C21orf62,C21orf63,C21orf67,C21orf7,C21orf70,C21orf71,C21orf81,C21orf88,C21orf90,C21orf91,C21orf96,C22orf13,C22orf15,C22orf23,C22orf24,C22orf25,C22orf26,C22orf28,C22orf29,C22orf31,C22orf32,C22orf33,C22orf34,C22orf36,C22orf39,C22orf40,C22orf41,C22orf42,C22orf43,C22orf45,C22orf46,C2CD2,C2CD2L,C2CD3,C2CD4A,C2CD4B,C2CD4C,C2CD4D,C2orf14,C2orf15,C2orf16,C2orf18,C2orf27A,C2orf27B,C2orf28,C2orf29,C2orf3,C2orf40,C2orf42,C2orf43,C2orf44,C2orf47,C2orf48,C2orf49,C2orf50,C2orf51,C2orf52,C2orf53,C2orf54,C2orf55,C2orf56,C2orf57,C2orf61,C2orf62,C2orf63,C2orf64,C2orf65,C2orf66,C2orf67,C2orf68,C2orf69,C2orf70,C2orf71,C2orf72,C2orf73,C2orf74,C2orf76,C2orf77,C2orf78,C2orf80,C2orf81,C2orf82,C2orf83,C2orf84,C2orf85,C2orf88,C2orf89,C2orf90,C3,C3AR1,C3orf1,C3orf10,C3orf14,C3orf15,C3orf17,C3orf18,C3orf19,C3orf20,C3orf21,C3orf22,C3orf23,C3orf24,C3orf25,C3orf26,C3orf27,C3orf30,C3orf31,C3orf32,C3orf33,C3orf35,C3orf36,C3orf37,C3orf38,C3orf39,C3orf43,C3orf45,C3orf46,C3orf47,C3orf48,C3orf49,C3orf51,C3orf52,C3orf54,C3orf55,C3orf57,C3orf58,C3orf62,C3orf63,C3orf64,C3orf65,C3orf66,C3orf67,C3orf70,C3orf71,C3orf72,C3orf74,C3orf75,C3orf77,C3orf78,C3orf79,C3P1,C4A,C4B,C4BPA,C4BPB,C4orf10,C4orf11,C4orf14,C4orf17,C4orf19,C4orf21,C4orf22,C4orf26,C4orf27,C4orf29,C4orf3,C4orf31,C4orf32,C4orf33,C4orf34,C4orf36,C4orf37,C4orf38,C4orf39,C4orf40,C4orf41,C4orf42,C4orf43,C4orf44,C4orf45,C4orf46,C4orf47,C4orf48,C4orf49,C4orf50,C4orf51,C4orf52,C4orf6,C4orf7,C5,C5AR1,C5orf13,C5orf15,C5orf20,C5orf22,C5orf24,C5orf25,C5orf27,C5orf28,C5orf30,C5orf32,C5orf33,C5orf34,C5orf35,C5orf38,C5orf39,C5orf4,C5orf41,C5orf42,C5orf43,C5orf44,C5orf45,C5orf46,C5orf47,C5orf48,C5orf49,C5orf51,C5orf52,C5orf53,C5orf54,C5orf55,C5orf56,C5orf58,C5orf60,C5orf62,C6,C6orf1,C6orf10,C6orf103,C6orf105,C6orf106,C6orf108,C6orf112,C6orf114,C6orf115,C6orf118,C6orf120,C6orf123,C6orf124,C6orf125,C6orf126,C6orf127,C6orf129,C6orf130,C6orf132,C6orf136,C6orf138,C6orf141,C6orf145,C6orf146,C6orf147,C6orf15,C6orf154,C6orf155,C6orf162,C6orf163,C6orf164,C6orf165,C6orf168,C6orf170,C6orf174,C6orf176,C6orf186,C6orf191,C6orf192,C6orf195,C6orf201,C6orf203,C6orf204,C6orf208,C6orf211,C6orf218,C6orf221,C6orf222,C6orf223,C6orf225,C6orf226,C6orf227,C6orf25,C6orf26,C6orf27,C6orf35,C6orf47,C6orf48,C6orf52,C6orf57,C6orf58,C6orf62,C6orf64,C6orf70,C6orf72,C6orf81,C6orf89,C6orf94,C6orf97,C6orf99,C7,C7orf10,C7orf11,C7orf13,C7orf16,C7orf23,C7orf25,C7orf26,C7orf28B,C7orf29,C7orf30,C7orf31,C7orf33,C7orf34,C7orf36,C7orf40,C7orf41,C7orf42,C7orf43,C7orf44,C7orf45,C7orf46,C7orf47,C7orf49,C7orf50,C7orf51,C7orf52,C7orf53,C7orf54,C7orf55,C7orf57,C7orf58,C7orf59,C7orf60,C7orf61,C7orf63,C7orf64,C7orf65,C7orf66,C7orf68,C7orf69,C7orf70,C7orf71,C7orf72,C8A,C8B,C8G,C8orf12,C8orf22,C8orf31,C8orf33,C8orf34,C8orf37,C8orf38,C8orf39,C8orf4,C8orf40,C8orf41,C8orf42,C8orf44,C8orf45,C8orf46,C8orf47,C8orf48,C8orf51,C8orf55,C8orf56,C8orf58,C8orf59,C8orf71,C8orf73,C8orf74,C8orf75,C8orf76,C8orf77,C8orf80,C8orf82,C8orf83,C8orf84,C8orf85,C8orf86,C9,C9orf100,C9orf102,C9orf103,C9orf106,C9orf11,C9orf114,C9orf116,C9orf117,C9orf119,C9orf123,C9orf125,C9orf128,C9orf129,C9orf130,C9orf131,C9orf135,C9orf139,C9orf140,C9orf142,C9orf144,C9orf150,C9orf152,C9orf153,C9orf156,C9orf16,C9orf163,C9orf167,C9orf169,C9orf170,C9orf171,C9orf172,C9orf173,C9orf174,C9orf21,C9orf23,C9orf24,C9orf25,C9orf27,C9orf29,C9orf3,C9orf30,C9orf30-TMEFF1,C9orf37,C9orf4,C9orf40,C9orf41,C9orf43,C9orf44,C9orf46,C9orf47,C9orf5,C9orf50,C9orf53,C9orf57,C9orf6,C9orf64,C9orf66,C9orf68,C9orf69,C9orf7,C9orf70,C9orf71,C9orf72,C9orf78,C9orf79,C9orf80,C9orf82,C9orf84,C9orf85,C9orf86,C9orf89,C9orf9,C9orf91,C9orf93,C9orf95,C9orf96,CA1,CA10,CA11,CA12,CA13,CA14,CA2,CA3,CA4,CA5A,CA5B,CA5BP1,CA6,CA7,CA8,CA9,CAB39,CAB39L,CABIN1,CABLES1,CABLES2,CABP1,CABP2,CABP4,CABP5,CABP7,CABS1,CABYR,CACHD1,CACNA1A,CACNA1B,CACNA1C,CACNA1D,CACNA1E,CACNA1F,CACNA1G,CACNA1H,CACNA1I,CACNA1S,CACNA2D1,CACNA2D2,CACNA2D3,CACNA2D4,CACNB1,CACNB2,CACNB3,CACNB4,CACNG1,CACNG2,CACNG3,CACNG4,CACNG5,CACNG6,CACNG7,CACNG8,CACYBP,CAD,CADM1,CADM2,CADM3,CADM4,CADPS,CADPS2,CAGE1,CALB1,CALB2,CALCA,CALCB,CALCOCO1,CALCOCO2,CALCR,CALCRL,CALD1,CALHM1,CALHM2,CALHM3,CALM1,CALM2,CALM3,CALML3,CALML4,CALML5,CALML6,CALN1,CALR,CALR3,CALU,CALY,CAMK1,CAMK1D,CAMK1G,CAMK2A,CAMK2B,CAMK2D,CAMK2G,CAMK2N1,CAMK2N2,CAMK4,CAMKK1,CAMKK2,CAMKMT,CAMKV,CAMLG,CAMP,CAMSAP1,CAMSAP1L1,CAMTA1,CAMTA2,CAND1,CAND2,CANT1,CANX,CAP1,CAP2,CAPG,CAPN1,CAPN10,CAPN11,CAPN12,CAPN13,CAPN14,CAPN2,CAPN3,CAPN5,CAPN6,CAPN7,CAPN8,CAPN9,CAPNS1,CAPNS2,CAPRIN1,CAPRIN2,CAPS,CAPS2,CAPSL,CAPZA1,CAPZA2,CAPZA3,CAPZB,CARD10,CARD11,CARD14,CARD16,CARD17,CARD18,CARD6,CARD8,CARD9,CARHSP1,CARKD,CARM1,CARNS1,CARS,CARS2,CARTPT,CASC1,CASC2,CASC3,CASC4,CASC5,CASD1,CASK,CASKIN1,CASKIN2,CASP1,CASP10,CASP12,CASP14,CASP2,CASP3,CASP4,CASP5,CASP6,CASP7,CASP8,CASP8AP2,CASP9,CASQ1,CASQ2,CASR,CASS4,CAST,CASZ1,CAT,CATSPER1,CATSPER2,CATSPER2P1,CATSPER3,CATSPER4,CATSPERB,CATSPERG,CAV1,CAV2,CAV3,CBARA1,CBFA2T2,CBFA2T3,CBFB,CBL,CBLB,CBLC,CBLL1,CBLN1,CBLN2,CBLN3,CBLN4,CBR1,CBR3,CBR4,CBS,CBWD1,CBWD2,CBWD3,CBWD5,CBWD6,CBX1,CBX2,CBX3,CBX4,CBX5,CBX6,CBX7,CBX8,CBY1,CBY3,CC2D1A,CC2D1B,CC2D2A,CC2D2B,CCAR1,CCBE1,CCBL1,CCBL2,CCBP2,CCDC101,CCDC102A,CCDC102B,CCDC103,CCDC104,CCDC105,CCDC106,CCDC107,CCDC108,CCDC109A,CCDC109B,CCDC11,CCDC110,CCDC111,CCDC112,CCDC113,CCDC114,CCDC115,CCDC116,CCDC117,CCDC12,CCDC120,CCDC121,CCDC122,CCDC124,CCDC125,CCDC126,CCDC127,CCDC129,CCDC13,CCDC130,CCDC132,CCDC134,CCDC135,CCDC136,CCDC137,CCDC138,CCDC14,CCDC140,CCDC141,CCDC142,CCDC144A,CCDC144B,CCDC144C,CCDC144NL,CCDC146,CCDC147,CCDC148,CCDC149,CCDC15,CCDC150,CCDC151,CCDC152,CCDC153,CCDC154,CCDC155,CCDC157,CCDC158,CCDC159,CCDC160,CCDC163P,CCDC164,CCDC17,CCDC18,CCDC19,CCDC22,CCDC23,CCDC24,CCDC25,CCDC27,CCDC28A,CCDC28B,CCDC29,CCDC3,CCDC30,CCDC33,CCDC34,CCDC36,CCDC37,CCDC38,CCDC39,CCDC40,CCDC41,CCDC42,CCDC42B,CCDC43,CCDC47,CCDC48,CCDC50,CCDC51,CCDC53,CCDC54,CCDC55,CCDC56,CCDC57,CCDC58,CCDC59,CCDC6,CCDC60,CCDC61,CCDC62,CCDC63,CCDC64,CCDC64B,CCDC65,CCDC66,CCDC67,CCDC68,CCDC69,CCDC7,CCDC70,CCDC71,CCDC72,CCDC73,CCDC74A,CCDC74B,CCDC75,CCDC76,CCDC77,CCDC78,CCDC79,CCDC8,CCDC80,CCDC81,CCDC82,CCDC83,CCDC84,CCDC85A,CCDC85B,CCDC85C,CCDC86,CCDC87,CCDC88A,CCDC88B,CCDC88C,CCDC89,CCDC9,CCDC90A,CCDC90B,CCDC91,CCDC92,CCDC93,CCDC94,CCDC96,CCDC97,CCDC99,CCHCR1,CCIN,CCK,CCKAR,CCKBR,CCL1,CCL11,CCL13,CCL14,CCL15,CCL16,CCL17,CCL18,CCL19,CCL2,CCL20,CCL21,CCL22,CCL23,CCL24,CCL25,CCL26,CCL27,CCL28,CCL3,CCL3L1,CCL3L3,CCL4,CCL4L1,CCL4L2,CCL5,CCL7,CCL8,CCM2,CCNA1,CCNA2,CCNB1,CCNB1IP1,CCNB2,CCNB3,CCNC,CCND1,CCND2,CCND3,CCNDBP1,CCNE1,CCNE2,CCNF,CCNG1,CCNG2,CCNH,CCNI,CCNI2,CCNJ,CCNJL,CCNK,CCNL1,CCNL2,CCNO,CCNT1,CCNT2,CCNY,CCNYL1,CCPG1,CCR1,CCR10,CCR2,CCR3,CCR4,CCR5,CCR6,CCR7,CCR8,CCR9,CCRL1,CCRL2,CCRN4L,CCS,CCT2,CCT3,CCT4,CCT5,CCT6A,CCT6B,CCT6P1,CCT6P3,CCT7,CCT8,CCT8L2,CCZ1,CD101,CD109,CD14,CD151,CD160,CD163,CD163L1,CD164,CD164L2,CD177,CD180,CD19,CD1A,CD1B,CD1C,CD1D,CD1E,CD2,CD200,CD200R1,CD200R1L,CD207,CD209,CD22,CD226,CD24,CD244,CD247,CD248,CD27,CD274,CD276,CD28,CD2AP,CD2BP2,CD300A,CD300C,CD300E,CD300LB,CD300LD,CD300LF,CD300LG,CD302,CD320,CD33,CD34,CD36,CD37,CD38,CD3D,CD3E,CD3EAP,CD3G,CD4,CD40,CD40LG,CD44,CD46,CD47,CD48,CD5,CD52,CD53,CD55,CD58,CD59,CD5L,CD6,CD63,CD68,CD69,CD7,CD70,CD72,CD74,CD79A,CD79B,CD80,CD81,CD82,CD83,CD84,CD86,CD8A,CD8B,CD9,CD93,CD96,CD97,CD99,CD99L2,CD99P1,CDA,CDADC1,CDAN1,CDC123,CDC14A,CDC14B,CDC14C,CDC16,CDC20,CDC20B,CDC23,CDC25A,CDC25B,CDC25C,CDC26,CDC27,CDC34,CDC37,CDC37L1,CDC40,CDC42,CDC42BPA,CDC42BPB,CDC42BPG,CDC42EP1,CDC42EP2,CDC42EP3,CDC42EP4,CDC42EP5,CDC42SE1,CDC42SE2,CDC45,CDC5L,CDC6,CDC7,CDC73,CDCA2,CDCA3,CDCA4,CDCA5,CDCA7,CDCA7L,CDCA8,CDCP1,CDCP2,CDH1,CDH10,CDH11,CDH12,CDH13,CDH15,CDH16,CDH17,CDH18,CDH19,CDH2,CDH20,CDH22,CDH23,CDH24,CDH26,CDH3,CDH4,CDH5,CDH6,CDH7,CDH8,CDH9,CDHR1,CDHR2,CDHR3,CDHR4,CDHR5,CDIPT,CDK1,CDK10,CDK11A,CDK11B,CDK12,CDK13,CDK14,CDK15,CDK16,CDK17,CDK18,CDK19,CDK2,CDK20,CDK2AP1,CDK2AP2,CDK3,CDK4,CDK5,CDK5R1,CDK5R2,CDK5RAP1,CDK5RAP2,CDK5RAP3,CDK6,CDK7,CDK8,CDK9,CDKAL1,CDKL1,CDKL2,CDKL3,CDKL4,CDKL5,CDKN1A,CDKN1B,CDKN1C,CDKN2A,CDKN2AIP,CDKN2AIPNL,CDKN2B,CDKN2B-AS1,CDKN2C,CDKN2D,CDKN3,CDNF,CDO1,CDON,CDR1,CDR2,CDR2L,CDRT1,CDRT15,CDRT15L1,CDRT15L2,CDRT15P,CDRT4,CDRT7,CDS1,CDS2,CDSN,CDT1,CDV3,CDX1,CDX2,CDX4,CDY1,CDY1B,CDY2A,CDY2B,CDYL,CDYL2,CEACAM1,CEACAM16,CEACAM18,CEACAM19,CEACAM20,CEACAM21,CEACAM22P,CEACAM3,CEACAM4,CEACAM5,CEACAM6,CEACAM7,CEACAM8,CEBPA,CEBPB,CEBPD,CEBPE,CEBPG,CEBPZ,CECR1,CECR2,CECR5,CECR6,CECR7,CEL,CELA1,CELA2A,CELA2B,CELA3A,CELA3B,CELF1,CELF2,CELF3,CELF4,CELF5,CELF6,CELP,CELSR1,CELSR2,CELSR3,CEMP1,CEND1,CENPA,CENPB,CENPBD1,CENPC1,CENPE,CENPF,CENPH,CENPI,CENPJ,CENPK,CENPL,CENPM,CENPN,CENPO,CENPP,CENPQ,CENPT,CENPV,CENPVL1,CENPW,CEP110,CEP120,CEP135,CEP152,CEP164,CEP170,CEP170P1,CEP192,CEP250,CEP290,CEP350,CEP55,CEP57,CEP57L1,CEP63,CEP68,CEP70,CEP72,CEP76,CEP78,CEP97,CEPT1,CER1,CERCAM,CERK,CERKL,CES1,CES1P1,CES2,CES3,CES4A,CES5A,CES5AP1,CETN1,CETN2,CETN3,CETN4P,CETP,CFB,CFC1,CFC1B,CFD,CFDP1,CFH,CFHR1,CFHR2,CFHR3,CFHR4,CFHR5,CFI,CFL1,CFL1P1,CFL2,CFLAR,CFP,CFTR,CGA,CGB,CGB1,CGB2,CGB5,CGB7,CGB8,CGGBP1,CGN,CGNL1,CGREF1,CGRRF1,CH25H,CHAC1,CHAC2,CHAD,CHADL,CHAF1A,CHAF1B,CHAT,CHCHD1,CHCHD10,CHCHD2,CHCHD3,CHCHD4,CHCHD5,CHCHD6,CHCHD7,CHCHD8,CHD1,CHD1L,CHD2,CHD3,CHD4,CHD5,CHD6,CHD7,CHD8,CHD9,CHDH,CHEK1,CHEK2,CHERP,CHFR,CHGA,CHGB,CHI3L1,CHI3L2,CHIA,CHIC1,CHIC2,CHID1,CHIT1,CHKA,CHKB,CHL1,CHM,CHML,CHMP1A,CHMP1B,CHMP2A,CHMP2B,CHMP4A,CHMP4B,CHMP4C,CHMP5,CHMP6,CHMP7,CHN1,CHN2,CHODL,CHORDC1,CHPF,CHPF2,CHPT1,CHRAC1,CHRD,CHRDL1,CHRDL2,CHRFAM7A,CHRM1,CHRM2,CHRM3,CHRM4,CHRM5,CHRNA1,CHRNA10,CHRNA2,CHRNA3,CHRNA4,CHRNA5,CHRNA6,CHRNA7,CHRNA9,CHRNB1,CHRNB2,CHRNB3,CHRNB4,CHRND,CHRNE,CHRNG,CHST1,CHST10,CHST11,CHST12,CHST13,CHST14,CHST15,CHST2,CHST3,CHST4,CHST5,CHST6,CHST7,CHST8,CHST9,CHSY1,CHSY3,CHTF18,CHTF8,CHTOP,CHUK,CHURC1,CIAO1,CIAPIN1,CIB1,CIB2,CIB3,CIB4,CIC,CIDEA,CIDEB,CIDEC,CIDECP,CIITA,CILP,CILP2,CINP,CIR1,CIRBP,CIRH1A,CISD1,CISD2,CISD3,CISH,CIT,CITED1,CITED2,CITED4,CIZ1,CKAP2,CKAP2L,CKAP4,CKAP5,CKB,CKLF,CKLF-CMTM1,CKM,CKMT1A,CKMT1B,CKMT2,CKS1B,CKS2,CLASP1,CLASP2,CLASRP,CLC,CLCA1,CLCA2,CLCA3P,CLCA4,CLCC1,CLCF1,CLCN1,CLCN2,CLCN3,CLCN4,CLCN5,CLCN6,CLCN7,CLCNKA,CLCNKB,CLDN1,CLDN10,CLDN11,CLDN12,CLDN14,CLDN15,CLDN16,CLDN17,CLDN18,CLDN19,CLDN2,CLDN20,CLDN22,CLDN23,CLDN24,CLDN25,CLDN3,CLDN4,CLDN5,CLDN6,CLDN7,CLDN8,CLDN9,CLDND1,CLDND2,CLEC10A,CLEC11A,CLEC12A,CLEC12B,CLEC14A,CLEC16A,CLEC17A,CLEC18A,CLEC18B,CLEC18C,CLEC1A,CLEC1B,CLEC2A,CLEC2B,CLEC2D,CLEC2L,CLEC3A,CLEC3B,CLEC4A,CLEC4C,CLEC4D,CLEC4E,CLEC4F,CLEC4G,CLEC4GP1,CLEC4M,CLEC5A,CLEC6A,CLEC7A,CLEC9A,CLECL1,CLGN,CLIC1,CLIC2,CLIC3,CLIC4,CLIC5,CLIC6,CLINT1,CLIP1,CLIP2,CLIP3,CLIP4,CLK1,CLK2,CLK2P,CLK3,CLK4,CLLU1,CLLU1OS,CLMN,CLN3,CLN5,CLN6,CLN8,CLNK,CLNS1A,CLOCK,CLP1,CLPB,CLPP,CLPS,CLPTM1,CLPTM1L,CLPX,CLRN1,CLRN2,CLRN3,CLSPN,CLSTN1,CLSTN2,CLSTN3,CLTA,CLTB,CLTC,CLTCL1,CLU,CLUAP1,CLUL1,CLVS1,CLVS2,CLYBL,CMA1,CMAS,CMBL,CMC1,CMKLR1,CMPK1,CMPK2,CMTM1,CMTM2,CMTM3,CMTM4,CMTM5,CMTM6,CMTM7,CMTM8,CMYA5,CNBD1,CNBP,CNDP1,CNDP2,CNFN,CNGA1,CNGA2,CNGA3,CNGA4,CNGB1,CNGB3,CNIH,CNIH2,CNIH3,CNIH4,CNKSR1,CNKSR2,CNKSR3,CNN1,CNN2,CNN3,CNNM1,CNNM2,CNNM3,CNNM4,CNO,CNOT1,CNOT10,CNOT2,CNOT3,CNOT4,CNOT6,CNOT6L,CNOT7,CNOT8,CNP,CNPPD1,CNPY1,CNPY2,CNPY3,CNPY4,CNR1,CNR2,CNRIP1,CNST,CNTD1,CNTD2,CNTF,CNTFR,CNTLN,CNTN1,CNTN2,CNTN3,CNTN4,CNTN5,CNTN6,CNTNAP1,CNTNAP2,CNTNAP3,CNTNAP3B,CNTNAP4,CNTNAP5,CNTROB,COASY,COBL,COBLL1,COBRA1,COCH,COG1,COG2,COG3,COG4,COG5,COG6,COG7,COG8,COIL,COL10A1,COL11A1,COL11A2,COL12A1,COL13A1,COL14A1,COL15A1,COL16A1,COL17A1,COL18A1,COL19A1,COL1A1,COL1A2,COL20A1,COL21A1,COL22A1,COL23A1,COL24A1,COL25A1,COL27A1,COL28A1,COL2A1,COL3A1,COL4A1,COL4A2,COL4A3,COL4A3BP,COL4A4,COL4A5,COL4A6,COL5A1,COL5A2,COL5A3,COL6A1,COL6A2,COL6A3,COL6A4P1,COL6A4P2,COL6A5,COL6A6,COL7A1,COL8A1,COL8A2,COL9A1,COL9A2,COL9A3,COLEC10,COLEC11,COLEC12,COLQ,COMMD1,COMMD10,COMMD2,COMMD3,COMMD4,COMMD5,COMMD6,COMMD7,COMMD8,COMMD9,COMP,COMT,COMTD1,COPA,COPB1,COPB2,COPE,COPG,COPG2,COPS2,COPS3,COPS4,COPS5,COPS6,COPS7A,COPS7B,COPS8,COPZ1,COPZ2,COQ10A,COQ10B,COQ2,COQ3,COQ4,COQ5,COQ6,COQ7,COQ9,CORIN,CORO1A,CORO1B,CORO1C,CORO2A,CORO2B,CORO6,CORO7,CORT,COTL1,COX10,COX11,COX15,COX16,COX17,COX18,COX19,COX4I1,COX4I2,COX4NB,COX5A,COX5B,COX6A1,COX6A2,COX6B1,COX6B2,COX6C,COX7A1,COX7A2,COX7A2L,COX7B,COX7B2,COX7C,COX8A,COX8C,CP,CPA1,CPA2,CPA3,CPA4,CPA5,CPA6,CPAMD8,CPB1,CPB2,CPD,CPE,CPEB1,CPEB2,CPEB3,CPEB4,CPLX1,CPLX2,CPLX3,CPLX4,CPM,CPN1,CPN2,CPNE1,CPNE2,CPNE3,CPNE4,CPNE5,CPNE6,CPNE7,CPNE8,CPNE9,CPO,CPOX,CPPED1,CPS1,CPS1-IT1,CPSF1,CPSF2,CPSF3,CPSF3L,CPSF4,CPSF4L,CPSF6,CPSF7,CPT1A,CPT1B,CPT1C,CPT2,CPVL,CPXCR1,CPXM1,CPXM2,CPZ,CR1,CR1L,CR2,CRABP1,CRABP2,CRADD,CRAMP1L,CRAT,CRB1,CRB2,CRB3,CRBN,CRCP,CRCT1,CREB1,CREB3,CREB3L1,CREB3L2,CREB3L3,CREB3L4,CREB5,CREBBP,CREBL2,CREBZF,CREG1,CREG2,CRELD1,CRELD2,CREM,CRH,CRHBP,CRHR1,CRHR2,CRIM1,CRIP1,CRIP2,CRIP3,CRIPAK,CRIPT,CRISP1,CRISP2,CRISP3,CRISPLD1,CRISPLD2,CRK,CRKL,CRLF1,CRLF2,CRLF3,CRLS1,CRMP1,CRNDE,CRNKL1,CRNN,CROCC,CROCCP2,CROCCP3,CROT,CRP,CRTAC1,CRTAM,CRTAP,CRTC1,CRTC2,CRTC3,CRX,CRY1,CRY2,CRYAA,CRYAB,CRYBA1,CRYBA2,CRYBA4,CRYBB1,CRYBB2,CRYBB2P1,CRYBB3,CRYBG3,CRYGA,CRYGB,CRYGC,CRYGD,CRYGN,CRYGS,CRYL1,CRYM,CRYZ,CRYZL1,CS,CSAD,CSAG1,CSAG2,CSAG3,CSDA,CSDAP1,CSDC2,CSDE1,CSE1L,CSF1,CSF1R,CSF2,CSF2RA,CSF2RB,CSF3,CSF3R,CSGALNACT1,CSGALNACT2,CSH1,CSH2,CSHL1,CSK,CSMD1,CSMD2,CSMD3,CSN1S1,CSN1S2AP,CSN1S2BP,CSN2,CSN3,CSNK1A1,CSNK1A1L,CSNK1A1P1,CSNK1D,CSNK1E,CSNK1G1,CSNK1G2,CSNK1G3,CSNK2A1,CSNK2A1P,CSNK2A2,CSNK2B,CSPG4,CSPG4P1Y,CSPG4P2Y,CSPG5,CSPP1,CSRNP1,CSRNP2,CSRNP3,CSRP1,CSRP2,CSRP2BP,CSRP3,CST1,CST11,CST2,CST3,CST4,CST5,CST6,CST7,CST8,CST9,CST9L,CSTA,CSTB,CSTF1,CSTF2,CSTF2T,CSTF3,CSTL1,CT45A1,CT45A2,CT45A3,CT45A4,CT45A5,CT45A6,CT47A1,CT47A10,CT47A11,CT47A2,CT47A3,CT47A4,CT47A5,CT47A6,CT47A7,CT47A8,CT47A9,CT47B1,CT62,CTAG1A,CTAG1B,CTAG2,CTAGE1,CTAGE10P,CTAGE11P,CTAGE15P,CTAGE4,CTAGE5,CTAGE6P,CTAGE9,CTBP1,CTBP2,CTBS,CTC1,CTCF,CTCFL,CTDNEP1,CTDP1,CTDSP1,CTDSP2,CTDSPL,CTDSPL2,CTF1,CTGF,CTH,CTHRC1,CTIF,CTLA4,CTNNA1,CTNNA2,CTNNA3,CTNNAL1,CTNNB1,CTNNBIP1,CTNNBL1,CTNND1,CTNND2,CTNS,CTPS,CTPS2,CTR9,CTRB1,CTRB2,CTRC,CTRL,CTSA,CTSB,CTSC,CTSD,CTSE,CTSF,CTSG,CTSH,CTSK,CTSL1,CTSL1P2,CTSL1P8,CTSL2,CTSL3,CTSO,CTSS,CTSW,CTSZ,CTTN,CTTNBP2,CTTNBP2NL,CTU1,CTU2,CTXN1,CTXN2,CTXN3,CUBN,CUEDC1,CUEDC2,CUL1,CUL2,CUL3,CUL4A,CUL4B,CUL5,CUL7,CUL9,CUTA,CUTC,CUX1,CUX2,CUZD1,CWC15,CWC22,CWC25,CWC27,CWF19L1,CWF19L2,CWH43,CX3CL1,CX3CR1,CXADR,CXADRP2,CXADRP3,CXCL1,CXCL10,CXCL11,CXCL12,CXCL13,CXCL14,CXCL16,CXCL17,CXCL2,CXCL3,CXCL5,CXCL6,CXCL9,CXCR1,CXCR2,CXCR2P1,CXCR3,CXCR4,CXCR5,CXCR6,CXCR7,CXorf1,CXorf18,CXorf21,CXorf22,CXorf23,CXorf26,CXorf27,CXorf30,CXorf36,CXorf38,CXorf40A,CXorf40B,CXorf41,CXorf48,CXorf49,CXorf49B,CXorf51,CXorf56,CXorf57,CXorf58,CXorf59,CXorf61,CXorf64,CXorf65,CXorf66,CXorf67,CXXC1,CXXC1P1,CXXC4,CXXC5,CYB561,CYB561D1,CYB561D2,CYB5A,CYB5B,CYB5D1,CYB5D2,CYB5R1,CYB5R2,CYB5R3,CYB5R4,CYB5RL,CYBA,CYBASC3,CYBB,CYBRD1,CYC1,CYCS,CYCSP52,CYFIP1,CYFIP2,CYGB,CYHR1,CYLC1,CYLC2,CYLD,CYMP,CYorf15A,CYorf15B,CYP11A1,CYP11B1,CYP11B2,CYP17A1,CYP19A1,CYP1A1,CYP1A2,CYP1B1,CYP20A1,CYP21A2,CYP24A1,CYP26A1,CYP26B1,CYP26C1,CYP27A1,CYP27B1,CYP27C1,CYP2A13,CYP2A6,CYP2A7,CYP2B6,CYP2B7P1,CYP2C18,CYP2C19,CYP2C8,CYP2C9,CYP2D6,CYP2D7P1,CYP2E1,CYP2F1,CYP2J2,CYP2R1,CYP2S1,CYP2U1,CYP2W1,CYP39A1,CYP3A4,CYP3A43,CYP3A5,CYP3A7,CYP46A1,CYP4A11,CYP4A22,CYP4B1,CYP4F11,CYP4F12,CYP4F2,CYP4F22,CYP4F3,CYP4F8,CYP4V2,CYP4X1,CYP4Z1,CYP4Z2P,CYP51A1,CYP7A1,CYP7B1,CYP8B1,CYR61,CYS1,CYSLTR1,CYSLTR2,CYTH1,CYTH2,CYTH3,CYTH4,CYTIP,CYTL1,CYYR1,D2HGDH,DAAM1,DAAM2,DAB1,DAB2,DAB2IP,DACH1,DACH2,DACT1,DACT2,DACT3,DAD1,DAD1P1,DAG1,DAGLA,DAGLB,DAK,DALRD3,DAND5,DAO,DAOA,DAP,DAP3,DAPK1,DAPK2,DAPK3,DAPL1,DAPP1,DARC,DARS,DARS2,DAXX,DAZ1,DAZ2,DAZ3,DAZ4,DAZAP1,DAZAP2,DAZL,DBC1,DBF4,DBF4B,DBH,DBI,DBIL5P,DBIL5P2,DBN1,DBNDD1,DBNDD2,DBNL,DBP,DBR1,DBT,DBX1,DBX2,DCAF10,DCAF11,DCAF12,DCAF12L1,DCAF12L2,DCAF13,DCAF15,DCAF16,DCAF17,DCAF4,DCAF4L1,DCAF4L2,DCAF5,DCAF6,DCAF7,DCAF8,DCAF8L1,DCAF8L2,DCAKD,DCBLD1,DCBLD2,DCC,DCD,DCDC1,DCDC2,DCDC2B,DCDC5,DCHS1,DCHS2,DCK,DCLK1,DCLK2,DCLK3,DCLRE1A,DCLRE1B,DCLRE1C,DCN,DCP1A,DCP1B,DCP2,DCPS,DCST1,DCST2,DCT,DCTD,DCTN1,DCTN2,DCTN3,DCTN4,DCTN5,DCTN6,DCTPP1,DCUN1D1,DCUN1D2,DCUN1D3,DCUN1D4,DCUN1D5,DCX,DCXR,DDA1,DDAH1,DDAH2,DDB1,DDB2,DDC,DDHD1,DDHD2,DDI1,DDI2,DDIT3,DDIT4,DDIT4L,DDN,DDO,DDOST,DDR1,DDR2,DDRGK1,DDT,DDTL,DDX1,DDX10,DDX11,DDX11L2,DDX11L9,DDX12,DDX17,DDX18,DDX19A,DDX19B,DDX20,DDX21,DDX23,DDX24,DDX25,DDX26B,DDX27,DDX28,DDX31,DDX39A,DDX39B,DDX3X,DDX3Y,DDX4,DDX41,DDX42,DDX43,DDX46,DDX47,DDX49,DDX5,DDX50,DDX51,DDX52,DDX53,DDX54,DDX55,DDX56,DDX58,DDX59,DDX6,DDX60,DDX60L,DEAF1,DEC1,DECR1,DECR2,DEDD,DEDD2,DEF6,DEF8,DEFA1,DEFA10P,DEFA1B,DEFA3,DEFA4,DEFA5,DEFA6,DEFB1,DEFB103A,DEFB104A,DEFB104B,DEFB105A,DEFB105B,DEFB106A,DEFB106B,DEFB107A,DEFB107B,DEFB108B,DEFB109P1,DEFB109P1B,DEFB110,DEFB112,DEFB113,DEFB114,DEFB115,DEFB116,DEFB118,DEFB119,DEFB121,DEFB122,DEFB123,DEFB124,DEFB125,DEFB126,DEFB127,DEFB128,DEFB129,DEFB130,DEFB131,DEFB132,DEFB133,DEFB134,DEFB135,DEFB136,DEFB4A,DEFB4B,DEFT1P,DEFT1P2,DEGS1,DEGS2,DEK,DEM1,DENND1A,DENND1B,DENND1C,DENND2A,DENND2C,DENND2D,DENND3,DENND4A,DENND4B,DENND4C,DENND5A,DENND5B,DENR,DEPDC1,DEPDC1B,DEPDC4,DEPDC5,DEPDC7,DEPTOR,DERA,DERL1,DERL2,DERL3,DES,DET1,DEXI,DFFA,DFFB,DFNA5,DFNB31,DFNB59,DGAT1,DGAT2,DGAT2L6,DGCR10,DGCR11,DGCR14,DGCR2,DGCR5,DGCR6,DGCR6L,DGCR8,DGCR9,DGKA,DGKB,DGKD,DGKE,DGKG,DGKH,DGKI,DGKK,DGKQ,DGKZ,DGUOK,DHCR24,DHCR7,DHDDS,DHDH,DHFR,DHFRL1,DHH,DHODH,DHPS,DHRS1,DHRS11,DHRS12,DHRS13,DHRS2,DHRS3,DHRS4,DHRS4L1,DHRS4L2,DHRS7,DHRS7B,DHRS7C,DHRS9,DHRSX,DHTKD1,DHX15,DHX16,DHX29,DHX30,DHX32,DHX33,DHX34,DHX35,DHX36,DHX37,DHX38,DHX40,DHX40P1,DHX57,DHX58,DHX8,DHX9,DIABLO,DIAPH1,DIAPH2,DIAPH3,DICER1,DIDO1,DIEXF,DIMT1L,DIO1,DIO2,DIO3,DIO3OS,DIP2A,DIP2B,DIP2C,DIRAS1,DIRAS2,DIRAS3,DIRC1,DIRC2,DIRC3,DIS3,DIS3L,DIS3L2,DISC1,DISC2,DISP1,DISP2,DIXDC1,DKC1,DKK1,DKK2,DKK3,DKK4,DKKL1,DLAT,DLC1,DLD,DLEC1,DLEU1,DLEU2,DLEU2L,DLEU7,DLG1,DLG2,DLG3,DLG4,DLG5,DLGAP1,DLGAP2,DLGAP3,DLGAP4,DLGAP5,DLK1,DLK2,DLL1,DLL3,DLL4,DLST,DLX1,DLX2,DLX3,DLX4,DLX5,DLX6,DMAP1,DMBT1,DMBX1,DMC1,DMD,DMGDH,DMKN,DMP1,DMPK,DMRT1,DMRT2,DMRT3,DMRTA1,DMRTA2,DMRTB1,DMRTC1,DMRTC1B,DMRTC2,DMTF1,DMWD,DMXL1,DMXL2,DNA2,DNAH1,DNAH10,DNAH11,DNAH12,DNAH14,DNAH17,DNAH2,DNAH3,DNAH5,DNAH6,DNAH7,DNAH8,DNAH9,DNAI1,DNAI2,DNAJA1,DNAJA1P5,DNAJA2,DNAJA3,DNAJA4,DNAJB1,DNAJB11,DNAJB12,DNAJB13,DNAJB14,DNAJB2,DNAJB3,DNAJB4,DNAJB5,DNAJB6,DNAJB7,DNAJB8,DNAJB9,DNAJC1,DNAJC10,DNAJC11,DNAJC12,DNAJC13,DNAJC14,DNAJC15,DNAJC16,DNAJC17,DNAJC18,DNAJC19,DNAJC2,DNAJC21,DNAJC22,DNAJC24,DNAJC25,DNAJC25-GNG10,DNAJC27,DNAJC28,DNAJC3,DNAJC30,DNAJC4,DNAJC5,DNAJC5B,DNAJC5G,DNAJC6,DNAJC7,DNAJC8,DNAJC9,DNAL1,DNAL4,DNALI1,DNASE1,DNASE1L1,DNASE1L2,DNASE1L3,DNASE2,DNASE2B,DND1,DNER,DNHD1,DNLZ,DNM1,DNM1L,DNM1P35,DNM1P41,DNM1P46,DNM2,DNM3,DNMBP,DNMBP-AS1,DNMT1,DNMT3A,DNMT3B,DNMT3L,DNPEP,DNTT,DNTTIP1,DNTTIP2,DOC2A,DOC2B,DOC2GP,DOCK1,DOCK10,DOCK11,DOCK2,DOCK3,DOCK4,DOCK5,DOCK6,DOCK7,DOCK8,DOCK9,DOHH,DOK1,DOK2,DOK3,DOK4,DOK5,DOK6,DOK7,DOLK,DOLPP1,DOM3Z,DONSON,DOPEY1,DOPEY2,DOT1L,DPAGT1,DPCD,DPCR1,DPEP1,DPEP2,DPEP3,DPF1,DPF2,DPF3,DPH1,DPH2,DPH3,DPH3P1,DPH5,DPM1,DPM2,DPM3,DPP10,DPP3,DPP4,DPP6,DPP7,DPP8,DPP9,DPPA2,DPPA3,DPPA4,DPPA5,DPRX,DPRXP4,DPT,DPY19L1,DPY19L1P1,DPY19L2,DPY19L2P1,DPY19L2P2,DPY19L2P3,DPY19L2P4,DPY19L3,DPY19L4,DPY30,DPYD,DPYS,DPYSL2,DPYSL3,DPYSL4,DPYSL5,DQX1,DR1,DRAM1,DRAM2,DRAP1,DRD1,DRD2,DRD3,DRD4,DRD5,DRG1,DRG2,DRGX,DROSHA,DRP2,DSC1,DSC2,DSC3,DSCAM,DSCAML1,DSCC1,DSCR10,DSCR3,DSCR4,DSCR6,DSCR8,DSCR9,DSE,DSEL,DSG1,DSG2,DSG3,DSG4,DSN1,DSP,DSPP,DST,DSTN,DSTNP2,DSTYK,DTD1,DTHD1,DTL,DTNA,DTNB,DTNBP1,DTWD1,DTWD2,DTX1,DTX2,DTX3,DTX3L,DTX4,DTYMK,DUOX1,DUOX2,DUOXA1,DUOXA2,DUPD1,DUS1L,DUS2L,DUS3L,DUS4L,DUSP1,DUSP10,DUSP11,DUSP12,DUSP13,DUSP14,DUSP15,DUSP16,DUSP18,DUSP19,DUSP2,DUSP21,DUSP22,DUSP23,DUSP26,DUSP27,DUSP28,DUSP3,DUSP4,DUSP5,DUSP5P,DUSP6,DUSP7,DUSP8,DUSP9,DUT,DUX2,DUX4,DUX4L2,DUX4L3,DUX4L4,DUX4L5,DUX4L6,DUX4L7,DUXA,DVL1,DVL2,DVL3,DYDC1,DYDC2,DYM,DYNC1H1,DYNC1I1,DYNC1I2,DYNC1LI1,DYNC1LI2,DYNC2H1,DYNC2LI1,DYNLL1,DYNLL2,DYNLRB1,DYNLRB2,DYNLT1,DYNLT3,DYRK1A,DYRK1B,DYRK2,DYRK3,DYRK4,DYSF,DYSFIP1,DYTN,DYX1C1,DZIP1,DZIP1L,DZIP3,E2F1,E2F2,E2F3,E2F4,E2F5,E2F6,E2F7,E2F8,E4F1,EAF1,EAF2,EAPP,EARS2,EBAG9,EBF1,EBF2,EBF3,EBF4,EBI3,EBNA1BP2,EBP,EBPL,ECD,ECE1,ECE2,ECEL1,ECEL1P2,ECH1,ECHDC1,ECHDC2,ECHDC3,ECHS1,ECI1,ECI2,ECM1,ECM2,ECSCR,ECSIT,ECT2,ECT2L,EDA,EDA2R,EDAR,EDARADD,EDC3,EDC4,EDDM3A,EDDM3B,EDEM1,EDEM2,EDEM3,EDF1,EDIL3,EDN1,EDN2,EDN3,EDNRA,EDNRB,EEA1,EED,EEF1A1,EEF1A1P9,EEF1A2,EEF1B2,EEF1D,EEF1DP3,EEF1E1,EEF1G,EEF2,EEF2K,EEFSEC,EEPD1,EFCAB1,EFCAB10,EFCAB11,EFCAB2,EFCAB3,EFCAB4A,EFCAB4B,EFCAB5,EFCAB6,EFCAB7,EFCAB8,EFCAB9,EFEMP1,EFEMP2,EFHA1,EFHA2,EFHB,EFHC1,EFHC2,EFHD1,EFHD2,EFNA1,EFNA2,EFNA3,EFNA4,EFNA5,EFNB1,EFNB2,EFNB3,EFR3A,EFR3B,EFS,EFTUD1,EFTUD2,EGF,EGFEM1P,EGFL6,EGFL7,EGFL8,EGFLAM,EGFR,EGLN1,EGLN2,EGLN3,EGOT,EGR1,EGR2,EGR3,EGR4,EHBP1,EHBP1L1,EHD1,EHD2,EHD3,EHD4,EHF,EHHADH,EHMT1,EHMT2,EI24,EID1,EID2,EID2B,EID3,EIF1,EIF1AD,EIF1AX,EIF1AY,EIF1B,EIF2A,EIF2AK1,EIF2AK2,EIF2AK3,EIF2AK4,EIF2B1,EIF2B2,EIF2B3,EIF2B4,EIF2B5,EIF2C1,EIF2C2,EIF2C3,EIF2C4,EIF2D,EIF2S1,EIF2S2,EIF2S3,EIF3A,EIF3B,EIF3C,EIF3CL,EIF3D,EIF3E,EIF3F,EIF3G,EIF3H,EIF3I,EIF3IP1,EIF3J,EIF3K,EIF3L,EIF3M,EIF4A1,EIF4A2,EIF4A3,EIF4B,EIF4E,EIF4E1B,EIF4E2,EIF4E3,EIF4EBP1,EIF4EBP2,EIF4EBP3,EIF4ENIF1,EIF4G1,EIF4G2,EIF4G3,EIF4H,EIF5,EIF5A,EIF5A2,EIF5AL1,EIF5B,EIF6,ELAC1,ELAC2,ELANE,ELAVL1,ELAVL2,ELAVL3,ELAVL4,ELF1,ELF2,ELF3,ELF4,ELF5,ELFN1,ELFN2,ELK1,ELK3,ELK4,ELL,ELL2,ELL3,ELMO1,ELMO2,ELMO3,ELMOD1,ELMOD2,ELMOD3,ELN,ELOF1,ELOVL1,ELOVL2,ELOVL3,ELOVL4,ELOVL5,ELOVL6,ELOVL7,ELP2,ELP3,ELP4,ELSPBP1,ELTD1,EMB,EMBP1,EMCN,EMD,EME1,EME2,EMG1,EMID1,EMID2,EMILIN1,EMILIN2,EMILIN3,EML1,EML2,EML3,EML4,EML5,EML6,EMP1,EMP2,EMP3,EMR1,EMR2,EMR3,EMR4P,EMX1,EMX2,EMX2OS,EN1,EN2,ENAH,ENAM,ENC1,ENDOD1,ENDOG,ENDOU,ENG,ENGASE,ENHO,ENKUR,ENO1,ENO2,ENO3,ENOPH1,ENOSF1,ENOX1,ENOX2,ENPEP,ENPP1,ENPP2,ENPP3,ENPP4,ENPP5,ENPP6,ENPP7,ENSA,ENTHD1,ENTPD1,ENTPD2,ENTPD3,ENTPD4,ENTPD5,ENTPD6,ENTPD7,ENTPD8,ENY2,EOMES,EP300,EP400,EP400NL,EPAS1,EPB41,EPB41L1,EPB41L2,EPB41L3,EPB41L4A,EPB41L4B,EPB41L5,EPB42,EPB49,EPC1,EPC2,EPCAM,EPDR1,EPG5,EPGN,EPHA1,EPHA10,EPHA2,EPHA3,EPHA4,EPHA5,EPHA6,EPHA7,EPHA8,EPHB1,EPHB2,EPHB3,EPHB4,EPHB6,EPHX1,EPHX2,EPHX3,EPHX4,EPM2A,EPM2AIP1,EPN1,EPN2,EPN3,EPO,EPOR,EPPK1,EPR1,EPRS,EPS15,EPS15L1,EPS8,EPS8L1,EPS8L2,EPS8L3,EPSTI1,EPT1,EPX,EPYC,ERAL1,ERAP1,ERAP2,ERAS,ERBB2,ERBB2IP,ERBB3,ERBB4,ERC1,ERC2,ERCC1,ERCC2,ERCC3,ERCC4,ERCC5,ERCC6,ERCC6L,ERCC8,EREG,ERF,ERG,ERGIC1,ERGIC2,ERGIC3,ERH,ERI1,ERI2,ERI3,ERICH1,ERLEC1,ERLIN1,ERLIN2,ERMAP,ERMN,ERMP1,ERN1,ERN2,ERO1L,ERO1LB,ERP27,ERP29,ERP44,ERRFI1,ESAM,ESCO1,ESCO2,ESD,ESF1,ESM1,ESPL1,ESPN,ESPNL,ESPNP,ESR1,ESR2,ESRP1,ESRP2,ESRRA,ESRRB,ESRRG,ESX1,ESYT1,ESYT2,ESYT3,ETAA1,ETF1,ETFA,ETFB,ETFDH,ETHE1,ETNK1,ETNK2,ETS1,ETS2,ETV1,ETV2,ETV3,ETV3L,ETV4,ETV5,ETV6,ETV7,EVC,EVC2,EVI2A,EVI2B,EVI5,EVI5L,EVL,EVPL,EVPLL,EVX1,EVX2,EWSR1,EXD1,EXD2,EXD3,EXO1,EXOC1,EXOC2,EXOC3,EXOC3L1,EXOC3L2,EXOC3L4,EXOC4,EXOC5,EXOC6,EXOC6B,EXOC7,EXOC8,EXOG,EXOSC1,EXOSC10,EXOSC2,EXOSC3,EXOSC4,EXOSC5,EXOSC6,EXOSC7,EXOSC8,EXOSC9,EXPH5,EXT1,EXT2,EXTL1,EXTL2,EXTL3,EYA1,EYA2,EYA3,EYA4,EYS,EZH1,EZH2,EZR,F10,F11,F11R,F12,F13A1,F13B,F2,F2R,F2RL1,F2RL2,F2RL3,F3,F5,F7,F8,F8A1,F8A2,F8A3,F9,FA2H,FAAH,FAAH2,FABP1,FABP12,FABP2,FABP3,FABP4,FABP5,FABP5P3,FABP6,FABP7,FABP9,FADD,FADS1,FADS2,FADS3,FADS6,FAF1,FAF2,FAH,FAHD1,FAHD2A,FAHD2B,FAIM,FAIM2,FAIM3,FAM100A,FAM100B,FAM101A,FAM101B,FAM102A,FAM102B,FAM103A1,FAM104A,FAM104B,FAM105A,FAM105B,FAM106A,FAM106CP,FAM107A,FAM107B,FAM108A1,FAM108B1,FAM108C1,FAM109A,FAM109B,FAM110A,FAM110B,FAM110C,FAM111A,FAM111B,FAM113A,FAM113B,FAM114A1,FAM114A2,FAM115A,FAM115C,FAM116A,FAM116B,FAM117A,FAM117B,FAM118A,FAM118B,FAM120A,FAM120AOS,FAM120B,FAM120C,FAM122A,FAM122B,FAM122C,FAM123A,FAM123B,FAM123C,FAM124A,FAM124B,FAM125A,FAM125B,FAM126A,FAM126B,FAM127A,FAM127B,FAM127C,FAM129A,FAM129B,FAM129C,FAM131A,FAM131B,FAM131C,FAM132A,FAM133A,FAM133B,FAM134A,FAM134B,FAM134C,FAM135A,FAM135B,FAM136A,FAM136BP,FAM138A,FAM138B,FAM138C,FAM138D,FAM138E,FAM138F,FAM13A,FAM13AOS,FAM13B,FAM13C,FAM149A,FAM149B1,FAM150A,FAM150B,FAM151A,FAM151B,FAM153A,FAM153B,FAM153C,FAM154A,FAM154B,FAM155A,FAM155B,FAM156A,FAM156B,FAM157A,FAM157B,FAM158A,FAM159A,FAM159B,FAM160A1,FAM160A2,FAM160B1,FAM160B2,FAM161A,FAM161B,FAM162A,FAM162B,FAM163A,FAM163B,FAM164A,FAM164C,FAM165B,FAM166A,FAM166B,FAM167A,FAM167B,FAM168A,FAM168B,FAM169A,FAM169B,FAM170A,FAM170B,FAM171A1,FAM171A2,FAM171B,FAM172A,FAM172BP,FAM173A,FAM173B,FAM174A,FAM174B,FAM175A,FAM175B,FAM176A,FAM176B,FAM177A1,FAM177B,FAM178A,FAM178B,FAM179A,FAM179B,FAM180A,FAM180B,FAM181A,FAM181B,FAM182A,FAM182B,FAM183A,FAM183B,FAM184A,FAM184B,FAM185A,FAM186A,FAM186B,FAM187B,FAM188A,FAM188B,FAM189A1,FAM189A2,FAM189B,FAM18A,FAM18B1,FAM18B2,FAM190A,FAM190B,FAM192A,FAM193A,FAM193B,FAM194A,FAM194B,FAM195A,FAM195B,FAM196A,FAM196B,FAM197Y2P,FAM198A,FAM198B,FAM199X,FAM19A1,FAM19A2,FAM19A3,FAM19A4,FAM19A5,FAM200A,FAM200B,FAM201A,FAM203A,FAM20A,FAM20B,FAM20C,FAM21A,FAM21B,FAM21C,FAM22A,FAM22D,FAM22F,FAM22G,FAM24A,FAM24B,FAM25A,FAM25B,FAM25C,FAM25G,FAM26D,FAM26E,FAM26F,FAM27A,FAM27B,FAM27C,FAM27L,FAM32A,FAM35A,FAM35B,FAM35B2,FAM36A,FAM38A,FAM38B,FAM3A,FAM3B,FAM3C,FAM3D,FAM40A,FAM40B,FAM41AY1,FAM41AY2,FAM41C,FAM43A,FAM43B,FAM45A,FAM45B,FAM46A,FAM46B,FAM46C,FAM46D,FAM47A,FAM47B,FAM47C,FAM47E,FAM48A,FAM48B1,FAM48B2,FAM49A,FAM49B,FAM50A,FAM50B,FAM53A,FAM53B,FAM53C,FAM54A,FAM54B,FAM55A,FAM55B,FAM55C,FAM55D,FAM57A,FAM57B,FAM58A,FAM58B,FAM59A,FAM59B,FAM5B,FAM5C,FAM60A,FAM63A,FAM63B,FAM64A,FAM65A,FAM65B,FAM65C,FAM66A,FAM66B,FAM66C,FAM66D,FAM66E,FAM69A,FAM69B,FAM69C,FAM70A,FAM70B,FAM71A,FAM71B,FAM71C,FAM71D,FAM71E1,FAM71E2,FAM71F1,FAM71F2,FAM72A,FAM72B,FAM72D,FAM73A,FAM73B,FAM74A1,FAM74A2,FAM74A3,FAM74A4,FAM75A1,FAM75A2,FAM75A3,FAM75A5,FAM75A6,FAM75A7,FAM75C1,FAM75C2,FAM75D1,FAM75D3,FAM75D4,FAM75D5,FAM76A,FAM76B,FAM78A,FAM78B,FAM7A1,FAM7A2,FAM7A3,FAM81A,FAM81B,FAM82A1,FAM82A2,FAM82B,FAM83A,FAM83B,FAM83C,FAM83D,FAM83E,FAM83F,FAM83G,FAM83H,FAM84A,FAM84B,FAM86A,FAM86B1,FAM86B2,FAM86C,FAM86DP,FAM89A,FAM89B,FAM8A1,FAM90A1,FAM90A10,FAM90A13,FAM90A14,FAM90A18,FAM90A19,FAM90A20,FAM90A25P,FAM90A5,FAM90A7,FAM90A8,FAM90A9,FAM91A1,FAM92A1,FAM92A3,FAM92B,FAM95B1,FAM96A,FAM96B,FAM98A,FAM98B,FAM98C,FAM99A,FAM99B,FAM9A,FAM9B,FAM9C,FAN1,FANCA,FANCB,FANCC,FANCD2,FANCE,FANCF,FANCG,FANCI,FANCL,FANCM,FANK1,FAP,FAR1,FAR2,FARP1,FARP2,FARS2,FARSA,FARSB,FAS,FAS-AS1,FASLG,FASN,FASTK,FASTKD1,FASTKD2,FASTKD3,FASTKD5,FAT1,FAT2,FAT3,FAT4,FATE1,FAU,FBF1,FBL,FBLIM1,FBLL1,FBLN1,FBLN2,FBLN5,FBLN7,FBN1,FBN2,FBN3,FBP1,FBP2,FBRS,FBRSL1,FBXL12,FBXL13,FBXL14,FBXL15,FBXL16,FBXL17,FBXL18,FBXL19,FBXL19-AS1,FBXL2,FBXL20,FBXL21,FBXL22,FBXL3,FBXL4,FBXL5,FBXL6,FBXL7,FBXL8,FBXO10,FBXO11,FBXO15,FBXO16,FBXO17,FBXO18,FBXO2,FBXO21,FBXO22,FBXO22OS,FBXO24,FBXO25,FBXO27,FBXO28,FBXO3,FBXO30,FBXO31,FBXO32,FBXO33,FBXO34,FBXO36,FBXO38,FBXO39,FBXO4,FBXO40,FBXO41,FBXO42,FBXO43,FBXO44,FBXO45,FBXO46,FBXO47,FBXO48,FBXO5,FBXO6,FBXO7,FBXO8,FBXO9,FBXW10,FBXW11,FBXW12,FBXW2,FBXW4,FBXW4P1,FBXW5,FBXW7,FBXW8,FBXW9,FCAMR,FCAR,FCER1A,FCER1G,FCER2,FCF1,FCGBP,FCGR1A,FCGR1B,FCGR1C,FCGR2A,FCGR2B,FCGR2C,FCGR3A,FCGR3B,FCGRT,FCHO1,FCHO2,FCHSD1,FCHSD2,FCN1,FCN2,FCN3,FCRL1,FCRL2,FCRL3,FCRL4,FCRL5,FCRL6,FCRLA,FCRLB,FDFT1,FDPS,FDX1,FDX1L,FDXACB1,FDXR,FECH,FEM1A,FEM1B,FEM1C,FEN1,FER,FER1L4,FER1L5,FER1L6,FERD3L,FERMT1,FERMT2,FERMT3,FES,FETUB,FEV,FEZ1,FEZ2,FEZF1,FEZF2,FFAR1,FFAR2,FFAR3,FGA,FGB,FGD1,FGD2,FGD3,FGD4,FGD5,FGD6,FGF1,FGF10,FGF11,FGF12,FGF13,FGF14,FGF16,FGF17,FGF18,FGF19,FGF2,FGF20,FGF21,FGF22,FGF23,FGF3,FGF4,FGF5,FGF6,FGF7,FGF8,FGF9,FGFBP1,FGFBP2,FGFBP3,FGFR1,FGFR1OP,FGFR1OP2,FGFR2,FGFR3,FGFR4,FGFRL1,FGG,FGGY,FGL1,FGL2,FGR,FH,FHAD1,FHDC1,FHIT,FHL1,FHL2,FHL3,FHL5,FHOD1,FHOD3,FIBCD1,FIBIN,FIBP,FICD,FIG4,FIGF,FIGLA,FIGN,FIGNL1,FIGNL2,FILIP1,FILIP1L,FIP1L1,FIS1,FITM1,FITM2,FIZ1,FJX1,FKBP10,FKBP11,FKBP14,FKBP15,FKBP1A,FKBP1AP1,FKBP1B,FKBP2,FKBP3,FKBP4,FKBP5,FKBP6,FKBP7,FKBP8,FKBP9,FKBP9L,FKBPL,FKRP,FKTN,FLAD1,FLCN,FLG,FLG2,FLI1,FLII,FLNA,FLNB,FLNC,FLOT1,FLOT2,FLRT1,FLRT2,FLRT3,FLT1,FLT3,FLT3LG,FLT4,FLVCR1,FLVCR2,FLYWCH1,FLYWCH2,FMN1,FMN2,FMNL1,FMNL2,FMNL3,FMO1,FMO2,FMO3,FMO4,FMO5,FMO6P,FMO9P,FMOD,FMR1,FMR1-AS1,FMR1NB,FN1,FN3K,FN3KRP,FNBP1,FNBP1L,FNBP4,FNDC1,FNDC3A,FNDC3B,FNDC4,FNDC5,FNDC7,FNDC8,FNDC9,FNIP1,FNIP2,FNTA,FNTB,FOLH1,FOLH1B,FOLR1,FOLR2,FOLR3,FOLR4,FOS,FOSB,FOSL1,FOSL2,FOXA1,FOXA2,FOXA3,FOXB1,FOXB2,FOXC1,FOXC2,FOXD1,FOXD2,FOXD3,FOXD4,FOXD4L1,FOXD4L2,FOXD4L3,FOXD4L4,FOXD4L5,FOXD4L6,FOXE1,FOXE3,FOXF1,FOXF2,FOXG1,FOXH1,FOXI1,FOXI2,FOXI3,FOXJ1,FOXJ2,FOXJ3,FOXK1,FOXK2,FOXL1,FOXL2,FOXM1,FOXN1,FOXN2,FOXN3,FOXN4,FOXO1,FOXO3,FOXO3B,FOXO4,FOXP1,FOXP2,FOXP3,FOXP4,FOXQ1,FOXR1,FOXR2,FOXRED1,FOXRED2,FOXS1,FPGS,FPGT,FPR1,FPR2,FPR3,FRA10AC1,FRAS1,FRAT1,FRAT2,FREM1,FREM2,FREM3,FRG1,FRG1B,FRG2,FRG2B,FRG2C,FRK,FRMD1,FRMD3,FRMD4A,FRMD4B,FRMD5,FRMD6,FRMD7,FRMD8,FRMPD1,FRMPD2,FRMPD2P1,FRMPD4,FRRS1,FRS2,FRS3,FRY,FRYL,FRZB,FSCB,FSCN1,FSCN2,FSCN3,FSD1,FSD1L,FSD2,FSHB,FSHR,FSIP1,FSIP2,FST,FSTL1,FSTL3,FSTL4,FSTL5,FTCD,FTH1,FTH1P3,FTHL17,FTL,FTLP10,FTMT,FTO,FTSJ1,FTSJ2,FTSJ3,FTSJD1,FTSJD2,FUBP1,FUBP3,FUCA1,FUCA2,FUK,FUNDC1,FUNDC2,FUNDC2P2,FURIN,FUS,FUT1,FUT10,FUT11,FUT2,FUT3,FUT4,FUT5,FUT6,FUT7,FUT8,FUT9,FUZ,FXC1,FXN,FXR1,FXR2,FXYD1,FXYD2,FXYD3,FXYD4,FXYD5,FXYD6,FXYD7,FYB,FYCO1,FYN,FYTTD1,FZD1,FZD10,FZD2,FZD3,FZD4,FZD5,FZD6,FZD7,FZD8,FZD9,FZR1,G0S2,G2E3,G3BP1,G3BP2,G6PC,G6PC2,G6PC3,G6PD,GAA,GAB1,GAB2,GAB3,GAB4,GABARAP,GABARAPL1,GABARAPL2,GABARAPL3,GABBR1,GABBR2,GABPA,GABPB1,GABPB2,GABRA1,GABRA2,GABRA3,GABRA4,GABRA5,GABRA6,GABRB1,GABRB2,GABRB3,GABRD,GABRE,GABRG1,GABRG2,GABRG3,GABRP,GABRQ,GABRR1,GABRR2,GABRR3,GAD1,GAD2,GADD45A,GADD45B,GADD45G,GADD45GIP1,GADL1,GAGE1,GAGE10,GAGE12B,GAGE12C,GAGE12D,GAGE12E,GAGE12F,GAGE12G,GAGE12H,GAGE12I,GAGE12J,GAGE13,GAGE2A,GAGE2B,GAGE2C,GAGE2D,GAGE2E,GAGE4,GAGE5,GAGE6,GAGE7,GAGE8,GAK,GAL,GAL3ST1,GAL3ST2,GAL3ST3,GAL3ST4,GALC,GALE,GALK1,GALK2,GALM,GALNS,GALNT1,GALNT10,GALNT11,GALNT12,GALNT13,GALNT14,GALNT2,GALNT3,GALNT4,GALNT5,GALNT6,GALNT7,GALNT8,GALNT9,GALNTL1,GALNTL2,GALNTL4,GALNTL5,GALNTL6,GALP,GALR1,GALR2,GALR3,GALT,GAMT,GAN,GANAB,GANC,GAP43,GAPDH,GAPDHS,GAPT,GAPVD1,GAR1,GARNL3,GARS,GART,GAS1,GAS2,GAS2L1,GAS2L2,GAS2L3,GAS5,GAS6,GAS7,GAS8,GAST,GATA1,GATA2,GATA3,GATA4,GATA5,GATA6,GATAD1,GATAD2A,GATAD2B,GATC,GATM,GATS,GATSL1,GATSL2,GATSL3,GBA,GBA2,GBA3,GBAP1,GBAS,GBE1,GBF1,GBGT1,GBP1,GBP2,GBP3,GBP4,GBP5,GBP6,GBP7,GBX1,GBX2,GC,GCA,GCAT,GCC1,GCC2,GCDH,GCET2,GCFC1,GCG,GCGR,GCH1,GCHFR,GCK,GCKR,GCLC,GCLM,GCM1,GCM2,GCN1L1,GCNT1,GCNT2,GCNT3,GCNT4,GCNT7,GCOM1,GCSH,GDA,GDAP1,GDAP1L1,GDAP2,GDE1,GDF1,GDF10,GDF11,GDF15,GDF2,GDF3,GDF5,GDF6,GDF7,GDF9,GDI1,GDI2,GDNF,GDPD1,GDPD2,GDPD3,GDPD4,GDPD5,GEM,GEMIN4,GEMIN5,GEMIN6,GEMIN7,GEMIN8,GEMIN8P4,GEN1,GET4,GFAP,GFER,GFI1,GFI1B,GFM1,GFM2,GFOD1,GFOD2,GFPT1,GFPT2,GFRA1,GFRA2,GFRA3,GFRA4,GFRAL,GGA1,GGA2,GGA3,GGCT,GGCX,GGH,GGN,GGNBP1,GGNBP2,GGPS1,GGT1,GGT3P,GGT5,GGT6,GGT7,GGT8P,GGTLC1,GGTLC2,GH1,GH2,GHDC,GHITM,GHR,GHRH,GHRHR,GHRL,GHRLOS,GHSR,GIF,GIGYF1,GIGYF2,GIMAP1,GIMAP2,GIMAP4,GIMAP5,GIMAP6,GIMAP7,GIMAP8,GIN1,GINS1,GINS2,GINS3,GINS4,GIP,GIPC1,GIPC2,GIPC3,GIPR,GIT1,GIT2,GJA1,GJA10,GJA3,GJA4,GJA5,GJA8,GJA9,GJB1,GJB2,GJB3,GJB4,GJB5,GJB6,GJB7,GJC1,GJC2,GJC3,GJD2,GJD3,GJD4,GK,GK2,GK3P,GK5,GKAP1,GKN1,GKN2,GLA,GLB1,GLB1L,GLB1L2,GLB1L3,GLCCI1,GLCE,GLDC,GLDN,GLE1,GLG1,GLI1,GLI2,GLI3,GLI4,GLIPR1,GLIPR1L1,GLIPR1L2,GLIPR2,GLIS1,GLIS2,GLIS3,GLMN,GLO1,GLOD4,GLOD5,GLP1R,GLP2R,GLRA1,GLRA2,GLRA3,GLRA4,GLRB,GLRX,GLRX2,GLRX3,GLRX5,GLS,GLS2,GLT1D1,GLT25D1,GLT25D2,GLT6D1,GLT8D1,GLT8D2,GLTP,GLTPD1,GLTPD2,GLTSCR1,GLTSCR2,GLUD1,GLUD2,GLUL,GLYAT,GLYATL1,GLYATL2,GLYATL3,GLYCAM1,GLYCTK,GLYR1,GM2A,GMCL1,GMCL1L,GMDS,GMEB1,GMEB2,GMFB,GMFG,GMIP,GML,GMNN,GMPPA,GMPPB,GMPR,GMPR2,GMPS,GNA11,GNA12,GNA13,GNA14,GNA15,GNAI1,GNAI2,GNAI3,GNAL,GNAO1,GNAQ,GNAS,GNAT1,GNAT2,GNAT3,GNAZ,GNB1,GNB1L,GNB2,GNB2L1,GNB3,GNB4,GNB5,GNE,GNG10,GNG11,GNG12,GNG13,GNG2,GNG3,GNG4,GNG5,GNG7,GNG8,GNGT1,GNGT2,GNL1,GNL2,GNL3,GNL3L,GNLY,GNMT,GNPAT,GNPDA1,GNPDA2,GNPNAT1,GNPTAB,GNPTG,GNRH1,GNRH2,GNRHR,GNRHR2,GNS,GOLGA1,GOLGA2,GOLGA2B,GOLGA2P2Y,GOLGA2P3Y,GOLGA3,GOLGA4,GOLGA5,GOLGA6A,GOLGA6B,GOLGA6C,GOLGA6D,GOLGA6L1,GOLGA6L10,GOLGA6L5,GOLGA6L6,GOLGA6L9,GOLGA7,GOLGA7B,GOLGA8A,GOLGA8B,GOLGA8C,GOLGA8DP,GOLGA8E,GOLGA8F,GOLGA8G,GOLGA8IP,GOLGB1,GOLIM4,GOLM1,GOLPH3,GOLPH3L,GOLT1A,GOLT1B,GON4L,GOPC,GORAB,GORASP1,GORASP2,GOSR1,GOSR2,GOT1,GOT1L1,GOT2,GP1BA,GP1BB,GP2,GP5,GP6,GP9,GPA33,GPAA1,GPAM,GPANK1,GPAT2,GPATCH1,GPATCH2,GPATCH3,GPATCH4,GPATCH8,GPBAR1,GPBP1,GPBP1L1,GPC1,GPC2,GPC3,GPC4,GPC5,GPC6,GPCPD1,GPD1,GPD1L,GPD2,GPER,GPHA2,GPHB5,GPHN,GPI,GPIHBP1,GPKOW,GPLD1,GPM6A,GPM6B,GPN1,GPN2,GPN3,GPNMB,GPR1,GPR101,GPR107,GPR108,GPR109A,GPR109B,GPR110,GPR111,GPR112,GPR113,GPR114,GPR115,GPR116,GPR119,GPR12,GPR123,GPR124,GPR125,GPR126,GPR128,GPR132,GPR133,GPR135,GPR137,GPR137B,GPR137C,GPR139,GPR141,GPR142,GPR143,GPR144,GPR146,GPR148,GPR149,GPR15,GPR150,GPR151,GPR152,GPR153,GPR155,GPR156,GPR157,GPR158,GPR160,GPR161,GPR162,GPR17,GPR171,GPR172A,GPR172B,GPR173,GPR174,GPR176,GPR179,GPR18,GPR180,GPR182,GPR183,GPR19,GPR20,GPR21,GPR22,GPR25,GPR26,GPR27,GPR3,GPR31,GPR32,GPR33,GPR34,GPR35,GPR37,GPR37L1,GPR39,GPR4,GPR44,GPR45,GPR50,GPR52,GPR55,GPR56,GPR6,GPR61,GPR62,GPR63,GPR64,GPR65,GPR68,GPR75,GPR75-ASB3,GPR77,GPR78,GPR81,GPR82,GPR83,GPR84,GPR85,GPR87,GPR88,GPR89A,GPR89B,GPR89C,GPR97,GPR98,GPRASP1,GPRASP2,GPRC5A,GPRC5B,GPRC5C,GPRC5D,GPRC6A,GPRIN1,GPRIN2,GPRIN3,GPS1,GPS2,GPSM1,GPSM2,GPSM3,GPT,GPT2,GPX1,GPX2,GPX3,GPX4,GPX5,GPX6,GPX7,GPX8,GRAMD1A,GRAMD1B,GRAMD1C,GRAMD2,GRAMD3,GRAMD4,GRAP,GRAP2,GRAPL,GRASP,GRB10,GRB14,GRB2,GRB7,GREB1,GREB1L,GREM1,GREM2,GRHL1,GRHL2,GRHL3,GRHPR,GRIA1,GRIA2,GRIA3,GRIA4,GRID1,GRID2,GRID2IP,GRIK1,GRIK1-AS1,GRIK2,GRIK3,GRIK4,GRIK5,GRIN1,GRIN2A,GRIN2B,GRIN2C,GRIN2D,GRIN3A,GRIN3B,GRINA,GRINL1A,GRIP1,GRIP2,GRIPAP1,GRK1,GRK4,GRK5,GRK6,GRK7,GRLF1,GRM1,GRM2,GRM3,GRM4,GRM5,GRM6,GRM7,GRM8,GRN,GRP,GRPEL1,GRPEL2,GRPR,GRRP1,GRSF1,GRTP1,GRWD1,GRXCR1,GRXCR2,GSC,GSC2,GSDMA,GSDMB,GSDMC,GSDMD,GSG1,GSG1L,GSG2,GSK3A,GSK3B,GSN,GSPT1,GSPT2,GSR,GSS,GSTA1,GSTA2,GSTA3,GSTA4,GSTA5,GSTA7P,GSTCD,GSTK1,GSTM1,GSTM2,GSTM2P1,GSTM3,GSTM4,GSTM5,GSTO1,GSTO2,GSTP1,GSTT1,GSTT2,GSTT2B,GSTTP1,GSTTP2,GSTZ1,GSX1,GSX2,GTDC1,GTF2A1,GTF2A1L,GTF2A2,GTF2B,GTF2E1,GTF2E2,GTF2F1,GTF2F2,GTF2H1,GTF2H2,GTF2H2B,GTF2H2C,GTF2H2D,GTF2H3,GTF2H4,GTF2H5,GTF2I,GTF2IP1,GTF2IRD1,GTF2IRD2,GTF2IRD2B,GTF2IRD2P1,GTF3A,GTF3C1,GTF3C2,GTF3C3,GTF3C4,GTF3C5,GTF3C6,GTPBP1,GTPBP10,GTPBP2,GTPBP3,GTPBP4,GTPBP5,GTPBP6,GTPBP8,GTSE1,GTSF1,GTSF1L,GUCA1A,GUCA1B,GUCA1C,GUCA2A,GUCA2B,GUCY1A2,GUCY1A3,GUCY1B2,GUCY1B3,GUCY2C,GUCY2D,GUCY2E,GUCY2F,GUCY2GP,GUF1,GUK1,GULP1,GUSB,GUSBL1,GUSBP1,GUSBP3,GUSBP4,GVINP1,GXYLT1,GXYLT2,GYG1,GYG2,GYG2P1,GYLTL1B,GYPA,GYPB,GYPC,GYPE,GYS1,GYS2,GZF1,GZMA,GZMB,GZMH,GZMK,GZMM,H19,H1F0,H1FNT,H1FOO,H1FX,H2AFB1,H2AFB2,H2AFB3,H2AFJ,H2AFV,H2AFX,H2AFY,H2AFY2,H2AFZ,H2BFM,H2BFWT,H2BFXP,H3F3A,H3F3B,H3F3C,H6PD,HAAO,HABP2,HABP4,HACE1,HACL1,HADH,HADHA,HADHB,HAGH,HAGHL,HAL,HAMP,HAND1,HAND2,HAO1,HAO2,HAP1,HAPLN1,HAPLN2,HAPLN3,HAPLN4,HAR1A,HAR1B,HARBI1,HARS,HARS2,HAS1,HAS2,HAS3,HAT1,HAUS1,HAUS2,HAUS3,HAUS4,HAUS5,HAUS6,HAUS7,HAUS8,HAVCR1,HAVCR2,HAX1,HBA1,HBA2,HBB,HBBP1,HBD,HBE1,HBEGF,HBG1,HBG2,HBM,HBP1,HBQ1,HBS1L,HBXIP,HBZ,HCCS,HCFC1,HCFC1R1,HCFC2,HCG11,HCG18,HCG22,HCG26,HCG27,HCG4,HCG9,HCK,HCLS1,HCN1,HCN2,HCN3,HCN4,HCP5,HCRT,HCRTR1,HCRTR2,HCST,HDAC1,HDAC10,HDAC11,HDAC2,HDAC3,HDAC4,HDAC5,HDAC6,HDAC7,HDAC8,HDAC9,HDC,HDDC2,HDDC3,HDGF,HDGFL1,HDHD1,HDHD2,HDHD3,HDLBP,HDX,HEATR1,HEATR2,HEATR3,HEATR4,HEATR5A,HEATR5B,HEATR6,HEATR7A,HEATR7B2,HEATR8,HEBP1,HEBP2,HECA,HECTD1,HECTD2,HECTD3,HECW1,HECW2,HEG1,HELB,HELLS,HELQ,HELT,HELZ,HEMGN,HEMK1,HENMT1,HEPACAM,HEPACAM2,HEPH,HEPHL1,HEPN1,HERC1,HERC2,HERC2P2,HERC2P3,HERC2P4,HERC2P7,HERC2P9,HERC3,HERC4,HERC5,HERC6,HERPUD1,HERPUD2,HES1,HES2,HES3,HES4,HES5,HES6,HES7,HESX1,HEXA,HEXB,HEXDC,HEXIM1,HEXIM2,HEY1,HEY2,HEYL,HFE,HFE2,HFM1,HGD,HGF,HGFAC,HGS,HGSNAT,HHAT,HHATL,HHEX,HHIP,HHIPL1,HHIPL2,HHLA1,HHLA2,HHLA3,HIAT1,HIATL1,HIATL2,HIBADH,HIBCH,HIC1,HIC2,HIF1A,HIF1AN,HIF3A,HIGD1A,HIGD1B,HIGD1C,HIGD2A,HIGD2B,HILS1,HINFP,HINT1,HINT2,HINT3,HIP1,HIP1R,HIPK1,HIPK2,HIPK3,HIPK4,HIRA,HIRIP3,HIST1H1A,HIST1H1B,HIST1H1C,HIST1H1D,HIST1H1E,HIST1H1T,HIST1H2AA,HIST1H2AB,HIST1H2AC,HIST1H2AD,HIST1H2AE,HIST1H2AG,HIST1H2AH,HIST1H2AI,HIST1H2AJ,HIST1H2AK,HIST1H2AL,HIST1H2AM,HIST1H2BA,HIST1H2BB,HIST1H2BC,HIST1H2BD,HIST1H2BE,HIST1H2BF,HIST1H2BG,HIST1H2BH,HIST1H2BI,HIST1H2BJ,HIST1H2BK,HIST1H2BL,HIST1H2BM,HIST1H2BN,HIST1H2BO,HIST1H3A,HIST1H3B,HIST1H3C,HIST1H3D,HIST1H3E,HIST1H3F,HIST1H3G,HIST1H3H,HIST1H3I,HIST1H3J,HIST1H4A,HIST1H4B,HIST1H4C,HIST1H4D,HIST1H4E,HIST1H4F,HIST1H4G,HIST1H4H,HIST1H4I,HIST1H4J,HIST1H4K,HIST1H4L,HIST2H2AA3,HIST2H2AA4,HIST2H2AB,HIST2H2AC,HIST2H2BA,HIST2H2BC,HIST2H2BE,HIST2H2BF,HIST2H3A,HIST2H3C,HIST2H3D,HIST2H4A,HIST2H4B,HIST3H2A,HIST3H2BB,HIST3H3,HIST4H4,HIVEP1,HIVEP2,HIVEP3,HJURP,HK1,HK2,HK3,HKDC1,HKR1,HLA-A,HLA-B,HLA-C,HLA-DMA,HLA-DMB,HLA-DOA,HLA-DOB,HLA-DPA1,HLA-DPB1,HLA-DPB2,HLA-DQA1,HLA-DQA2,HLA-DQB1,HLA-DQB2,HLA-DRA,HLA-DRB1,HLA-DRB3,HLA-DRB4,HLA-DRB5,HLA-DRB6,HLA-E,HLA-F,HLA-G,HLA-H,HLA-J,HLA-L,HLCS,HLF,HLTF,HLX,HM13,HMBOX1,HMBS,HMCN1,HMG20A,HMG20B,HMGA1,HMGA1P7,HMGA2,HMGB1,HMGB2,HMGB3,HMGB3P1,HMGB4,HMGCL,HMGCLL1,HMGCR,HMGCS1,HMGCS2,HMGN1,HMGN2,HMGN2P46,HMGN3,HMGN4,HMGN5,HMGXB3,HMGXB4,HMHA1,HMHB1,HMMR,HMOX1,HMOX2,HMSD,HMX1,HMX2,HMX3,HN1,HN1L,HNF1A,HNF1B,HNF4A,HNF4G,HNMT,HNRNPA0,HNRNPA1,HNRNPA1L2,HNRNPA1P10,HNRNPA2B1,HNRNPA3,HNRNPA3P1,HNRNPAB,HNRNPC,HNRNPCL1,HNRNPD,HNRNPF,HNRNPH1,HNRNPH2,HNRNPH3,HNRNPK,HNRNPL,HNRNPM,HNRNPR,HNRNPU,HNRNPUL1,HNRNPUL2,HNRPDL,HNRPLL,HOGA1,HOMER1,HOMER2,HOMER3,HOMEZ,HOOK1,HOOK2,HOOK3,HOPX,HORMAD1,HORMAD2,HOTAIR,HOXA1,HOXA10,HOXA11,HOXA11-AS1,HOXA13,HOXA2,HOXA3,HOXA4,HOXA5,HOXA6,HOXA7,HOXA9,HOXB1,HOXB13,HOXB2,HOXB3,HOXB4,HOXB5,HOXB6,HOXB7,HOXB8,HOXB9,HOXC10,HOXC11,HOXC12,HOXC13,HOXC4,HOXC5,HOXC6,HOXC8,HOXC9,HOXD1,HOXD10,HOXD11,HOXD12,HOXD13,HOXD3,HOXD4,HOXD8,HOXD9,HP,HP1BP3,HPCA,HPCAL1,HPCAL4,HPD,HPDL,HPGD,HPGDS,HPN,HPR,HPRT1,HPS1,HPS3,HPS4,HPS5,HPS6,HPSE,HPSE2,HPVC1,HPX,HPYR1,HR,HRAS,HRASLS,HRASLS2,HRASLS5,HRC,HRCT1,HRG,HRH1,HRH2,HRH3,HRH4,HRK,HRNR,HRSP12,HS1BP3,HS2ST1,HS3ST1,HS3ST2,HS3ST3A1,HS3ST3B1,HS3ST4,HS3ST5,HS3ST6,HS6ST1,HS6ST2,HS6ST3,HSBP1,HSBP1L1,HSCB,HSD11B1,HSD11B1L,HSD11B2,HSD17B1,HSD17B10,HSD17B11,HSD17B12,HSD17B13,HSD17B14,HSD17B2,HSD17B3,HSD17B4,HSD17B6,HSD17B7,HSD17B7P2,HSD17B8,HSD3B1,HSD3B2,HSD3B7,HSD3BP4,HSDL1,HSDL2,HSF1,HSF2,HSF2BP,HSF4,HSF5,HSFX1,HSFX2,HSFY1,HSFY1P1,HSFY2,HSH2D,HSP90AA1,HSP90AA4P,HSP90AA6P,HSP90AB1,HSP90AB2P,HSP90AB3P,HSP90AB4P,HSP90B1,HSP90B3P,HSPA12A,HSPA12B,HSPA13,HSPA14,HSPA1A,HSPA1B,HSPA1L,HSPA2,HSPA4,HSPA4L,HSPA5,HSPA6,HSPA7,HSPA8,HSPA9,HSPB1,HSPB11,HSPB2,HSPB3,HSPB6,HSPB7,HSPB8,HSPB9,HSPBAP1,HSPBP1,HSPD1,HSPE1,HSPG2,HSPH1,HTATIP2,HTATSF1,HTN1,HTN3,HTR1A,HTR1B,HTR1D,HTR1E,HTR1F,HTR2A,HTR2B,HTR2C,HTR3A,HTR3B,HTR3C,HTR3D,HTR3E,HTR4,HTR5A,HTR6,HTR7,HTR7P1,HTRA1,HTRA2,HTRA3,HTRA4,HTT,HULC,HUNK,HUS1,HUS1B,HUWE1,HVCN1,HYAL1,HYAL2,HYAL3,HYAL4,HYALP1,HYDIN,HYI,HYLS1,HYMAI,HYOU1,IAH1,IAPP,IARS,IARS2,IBSP,IBTK,ICA1,ICA1L,ICAM1,ICAM2,ICAM3,ICAM4,ICAM5,ICK,ICMT,ICOS,ICOSLG,ICT1,ID1,ID2,ID2B,ID3,ID4,IDE,IDH1,IDH2,IDH3A,IDH3B,IDH3G,IDI1,IDI2,IDI2-AS1,IDO1,IDO2,IDS,IDUA,IER2,IER3,IER3IP1,IER5,IER5L,IFFO1,IFFO2,IFI16,IFI27,IFI27L1,IFI27L2,IFI30,IFI35,IFI44,IFI44L,IFI6,IFIH1,IFIT1,IFIT1B,IFIT2,IFIT3,IFIT5,IFITM1,IFITM2,IFITM3,IFITM4P,IFITM5,IFLTD1,IFNA1,IFNA10,IFNA13,IFNA14,IFNA16,IFNA17,IFNA2,IFNA21,IFNA22P,IFNA4,IFNA5,IFNA6,IFNA7,IFNA8,IFNAR1,IFNAR2,IFNB1,IFNE,IFNG,IFNGR1,IFNGR2,IFNK,IFNW1,IFRD1,IFRD2,IFT122,IFT140,IFT172,IFT20,IFT27,IFT46,IFT52,IFT57,IFT74,IFT80,IFT81,IFT88,IGBP1,IGDCC3,IGDCC4,IGF1,IGF1R,IGF2,IGF2AS,IGF2BP1,IGF2BP2,IGF2BP3,IGF2R,IGFALS,IGFBP1,IGFBP2,IGFBP3,IGFBP4,IGFBP5,IGFBP6,IGFBP7,IGFBPL1,IGFL1,IGFL2,IGFL3,IGFL4,IGFLR1,IGFN1,IGHMBP2,IGJ,IGLL1,IGLL3P,IGLL5,IGLON5,IGSF1,IGSF10,IGSF11,IGSF21,IGSF22,IGSF3,IGSF5,IGSF6,IGSF8,IGSF9,IGSF9B,IHH,IK,IKBIP,IKBKAP,IKBKB,IKBKE,IKBKG,IKZF1,IKZF2,IKZF3,IKZF4,IKZF5,IL10,IL10RA,IL10RB,IL11,IL11RA,IL12A,IL12B,IL12RB1,IL12RB2,IL13,IL13RA1,IL13RA2,IL15,IL15RA,IL16,IL17A,IL17B,IL17C,IL17D,IL17F,IL17RA,IL17RB,IL17RC,IL17RD,IL17RE,IL17REL,IL18,IL18BP,IL18R1,IL18RAP,IL19,IL1A,IL1B,IL1F10,IL1F5,IL1F6,IL1F7,IL1F8,IL1F9,IL1R1,IL1R2,IL1RAP,IL1RAPL1,IL1RAPL2,IL1RL1,IL1RL2,IL1RN,IL2,IL20,IL20RA,IL20RB,IL21,IL21R,IL22,IL22RA1,IL22RA2,IL23A,IL23R,IL24,IL25,IL26,IL27,IL27RA,IL28A,IL28B,IL28RA,IL29,IL2RA,IL2RB,IL2RG,IL3,IL31,IL31RA,IL32,IL33,IL34,IL3RA,IL4,IL4I1,IL4R,IL5,IL5RA,IL6,IL6R,IL6ST,IL7,IL7R,IL8,IL9,IL9R,ILDR1,ILDR2,ILF2,ILF3,ILK,ILKAP,ILVBL,IMMP1L,IMMP2L,IMMT,IMP3,IMP4,IMPA1,IMPA2,IMPACT,IMPAD1,IMPDH1,IMPDH2,IMPG1,IMPG2,INA,INADL,INCA1,INCENP,INE1,INE2,INF2,ING1,ING2,ING3,ING4,ING5,INGX,INHA,INHBA,INHBB,INHBC,INHBE,INMT,INO80,INO80B,INO80C,INO80D,INO80E,INPP1,INPP4A,INPP4B,INPP5A,INPP5B,INPP5D,INPP5E,INPP5F,INPP5J,INPP5K,INPPL1,INS,INSC,INSIG1,INSIG2,INSL3,INSL4,INSL5,INSL6,INSM1,INSM2,INSR,INSRR,INTS1,INTS10,INTS12,INTS2,INTS3,INTS4,INTS4L1,INTS4L2,INTS5,INTS6,INTS7,INTS8,INTS9,INTU,INVS,IP6K1,IP6K2,IP6K3,IPCEF1,IPMK,IPO11,IPO13,IPO4,IPO5,IPO7,IPO8,IPO9,IPP,IPPK,IPW,IQCA1,IQCB1,IQCC,IQCD,IQCE,IQCF1,IQCF2,IQCF3,IQCF5,IQCF6,IQCG,IQCH,IQCJ,IQCJ-SCHIP1,IQCK,IQGAP1,IQGAP2,IQGAP3,IQSEC1,IQSEC2,IQSEC3,IQUB,IRAK1,IRAK1BP1,IRAK2,IRAK3,IRAK4,IREB2,IRF1,IRF2,IRF2BP1,IRF2BP2,IRF2BPL,IRF3,IRF4,IRF5,IRF6,IRF7,IRF8,IRF9,IRGC,IRGM,IRGQ,IRS1,IRS2,IRS4,IRX1,IRX2,IRX3,IRX4,IRX5,IRX6,ISCA1,ISCA2,ISCU,ISG15,ISG20,ISG20L2,ISL1,ISL2,ISLR,ISLR2,ISM1,ISM2,ISOC1,ISOC2,ISPD,ISX,ISY1,ISYNA1,ITCH,ITFG1,ITFG2,ITFG3,ITGA1,ITGA10,ITGA11,ITGA2,ITGA2B,ITGA3,ITGA4,ITGA5,ITGA6,ITGA7,ITGA8,ITGA9,ITGAD,ITGAE,ITGAL,ITGAM,ITGAV,ITGAX,ITGB1,ITGB1BP1,ITGB1BP2,ITGB1BP3,ITGB2,ITGB3,ITGB3BP,ITGB4,ITGB5,ITGB6,ITGB7,ITGB8,ITGBL1,ITIH1,ITIH2,ITIH3,ITIH4,ITIH5,ITIH5L,ITK,ITLN1,ITLN2,ITM2A,ITM2B,ITM2C,ITPA,ITPK1,ITPK1-AS1,ITPKA,ITPKB,ITPKC,ITPR1,ITPR2,ITPR3,ITPRIP,ITPRIPL1,ITPRIPL2,ITSN1,ITSN2,IVD,IVL,IVNS1ABP,IWS1,IYD,IZUMO1,IZUMO2,IZUMO4,JAG1,JAG2,JAGN1,JAK1,JAK2,JAK3,JAKMIP1,JAKMIP2,JAKMIP3,JAM2,JAM3,JARID2,JAZF1,JDP2,JHDM1D,JKAMP,JMJD1C,JMJD4,JMJD5,JMJD6,JMJD7,JMJD7-PLA2G4B,JMJD8,JMY,JOSD1,JOSD2,JPH1,JPH2,JPH3,JPH4,JRK,JRKL,JSRP1,JTB,JUB,JUN,JUNB,JUND,JUP,KAAG1,KAL1,KALRN,KANK1,KANK2,KANK3,KANK4,KARS,KAT2A,KAT2B,KAT5,KATNA1,KATNAL1,KATNAL2,KATNB1,KAZALD1,KAZN,KBTBD10,KBTBD11,KBTBD12,KBTBD13,KBTBD2,KBTBD3,KBTBD4,KBTBD5,KBTBD6,KBTBD7,KBTBD8,KCMF1,KCNA1,KCNA10,KCNA2,KCNA3,KCNA4,KCNA5,KCNA6,KCNA7,KCNAB1,KCNAB2,KCNAB3,KCNB1,KCNB2,KCNC1,KCNC2,KCNC3,KCNC4,KCND1,KCND2,KCND3,KCNE1,KCNE1L,KCNE2,KCNE3,KCNE4,KCNF1,KCNG1,KCNG2,KCNG3,KCNG4,KCNH1,KCNH2,KCNH3,KCNH4,KCNH5,KCNH6,KCNH7,KCNH8,KCNIP1,KCNIP2,KCNIP3,KCNIP4,KCNJ1,KCNJ10,KCNJ11,KCNJ12,KCNJ13,KCNJ14,KCNJ15,KCNJ16,KCNJ18,KCNJ2,KCNJ3,KCNJ4,KCNJ5,KCNJ6,KCNJ8,KCNJ9,KCNK1,KCNK10,KCNK12,KCNK13,KCNK15,KCNK16,KCNK17,KCNK18,KCNK2,KCNK3,KCNK4,KCNK5,KCNK6,KCNK7,KCNK9,KCNMA1,KCNMB1,KCNMB2,KCNMB3,KCNMB4,KCNN1,KCNN2,KCNN3,KCNN4,KCNQ1,KCNQ1DN,KCNQ1OT1,KCNQ2,KCNQ3,KCNQ4,KCNQ5,KCNRG,KCNS1,KCNS2,KCNS3,KCNT1,KCNT2,KCNU1,KCNV1,KCNV2,KCP,KCTD1,KCTD10,KCTD11,KCTD12,KCTD13,KCTD14,KCTD15,KCTD16,KCTD17,KCTD18,KCTD19,KCTD2,KCTD20,KCTD21,KCTD3,KCTD4,KCTD5,KCTD6,KCTD7,KCTD8,KCTD9,KDELC1,KDELC2,KDELR1,KDELR2,KDELR3,KDM1A,KDM1B,KDM2A,KDM2B,KDM3A,KDM3B,KDM4A,KDM4B,KDM4C,KDM4D,KDM4DL,KDM5A,KDM5B,KDM5C,KDM5D,KDM6A,KDM6B,KDR,KDSR,KEAP1,KEL,KERA,KHDC1,KHDC1L,KHDRBS1,KHDRBS2,KHDRBS3,KHK,KHNYN,KHSRP,KIAA0020,KIAA0040,KIAA0087,KIAA0090,KIAA0100,KIAA0101,KIAA0114,KIAA0125,KIAA0141,KIAA0146,KIAA0174,KIAA0182,KIAA0195,KIAA0196,KIAA0226,KIAA0232,KIAA0240,KIAA0247,KIAA0284,KIAA0317,KIAA0319,KIAA0319L,KIAA0355,KIAA0368,KIAA0391,KIAA0408,KIAA0415,KIAA0430,KIAA0467,KIAA0494,KIAA0513,KIAA0528,KIAA0556,KIAA0564,KIAA0586,KIAA0649,KIAA0664,KIAA0664L3,KIAA0748,KIAA0753,KIAA0754,KIAA0776,KIAA0802,KIAA0825,KIAA0889,KIAA0895,KIAA0895L,KIAA0907,KIAA0913,KIAA0922,KIAA0930,KIAA0947,KIAA1009,KIAA1024,KIAA1033,KIAA1045,KIAA1107,KIAA1109,KIAA1143,KIAA1147,KIAA1161,KIAA1191,KIAA1199,KIAA1210,KIAA1211,KIAA1217,KIAA1239,KIAA1244,KIAA1257,KIAA1267,KIAA1274,KIAA1279,KIAA1310,KIAA1324,KIAA1324L,KIAA1328,KIAA1370,KIAA1377,KIAA1383,KIAA1407,KIAA1409,KIAA1429,KIAA1430,KIAA1432,KIAA1456,KIAA1462,KIAA1467,KIAA1468,KIAA1486,KIAA1522,KIAA1524,KIAA1530,KIAA1539,KIAA1543,KIAA1549,KIAA1586,KIAA1598,KIAA1609,KIAA1614,KIAA1644,KIAA1671,KIAA1683,KIAA1704,KIAA1715,KIAA1731,KIAA1737,KIAA1751,KIAA1755,KIAA1797,KIAA1826,KIAA1841,KIAA1875,KIAA1919,KIAA1949,KIAA1958,KIAA1967,KIAA1984,KIAA2013,KIAA2018,KIAA2022,KIAA2026,KIDINS220,KIF11,KIF12,KIF13A,KIF13B,KIF14,KIF15,KIF16B,KIF17,KIF18A,KIF18B,KIF19,KIF1A,KIF1B,KIF1C,KIF20A,KIF20B,KIF21A,KIF21B,KIF22,KIF23,KIF24,KIF25,KIF26A,KIF26B,KIF27,KIF2A,KIF2B,KIF2C,KIF3A,KIF3B,KIF3C,KIF4A,KIF4B,KIF5A,KIF5B,KIF5C,KIF6,KIF7,KIF9,KIFAP3,KIFC1,KIFC2,KIFC3,KIN,KIR2DL1,KIR2DL2,KIR2DL3,KIR2DL4,KIR2DL5A,KIR2DL5B,KIR2DS1,KIR2DS2,KIR2DS3,KIR2DS4,KIR2DS5,KIR3DL1,KIR3DL2,KIR3DL3,KIR3DP1,KIR3DS1,KIR3DX1,KIRREL,KIRREL2,KIRREL3,KISS1,KISS1R,KIT,KITLG,KL,KLB,KLC1,KLC2,KLC3,KLC4,KLF1,KLF10,KLF11,KLF12,KLF13,KLF14,KLF15,KLF16,KLF17,KLF2,KLF3,KLF4,KLF5,KLF6,KLF7,KLF8,KLF9,KLHDC1,KLHDC10,KLHDC2,KLHDC3,KLHDC4,KLHDC5,KLHDC7A,KLHDC7B,KLHDC8A,KLHDC8B,KLHDC9,KLHL1,KLHL10,KLHL11,KLHL12,KLHL13,KLHL14,KLHL15,KLHL17,KLHL18,KLHL2,KLHL20,KLHL21,KLHL22,KLHL23,KLHL24,KLHL25,KLHL26,KLHL28,KLHL29,KLHL3,KLHL30,KLHL31,KLHL32,KLHL33,KLHL34,KLHL35,KLHL36,KLHL38,KLHL4,KLHL5,KLHL6,KLHL7,KLHL8,KLHL9,KLK1,KLK10,KLK11,KLK12,KLK13,KLK14,KLK15,KLK2,KLK3,KLK4,KLK5,KLK6,KLK7,KLK8,KLK9,KLKB1,KLKP1,KLLN,KLRAP1,KLRAQ1,KLRB1,KLRC1,KLRC2,KLRC3,KLRC4,KLRD1,KLRF1,KLRF2,KLRG1,KLRG2,KLRK1,KMO,KNCN,KNDC1,KNG1,KNTC1,KPNA1,KPNA2,KPNA3,KPNA4,KPNA5,KPNA6,KPNA7,KPNB1,KPRP,KPTN,KRAS,KRBA1,KRBA2,KRBOX1,KRCC1,KREMEN1,KREMEN2,KRI1,KRIT1,KRR1,KRT1,KRT10,KRT12,KRT13,KRT14,KRT15,KRT16,KRT16P2,KRT16P3,KRT17,KRT18,KRT19,KRT19P2,KRT2,KRT20,KRT222,KRT23,KRT24,KRT25,KRT26,KRT27,KRT28,KRT3,KRT31,KRT32,KRT33A,KRT33B,KRT34,KRT35,KRT36,KRT37,KRT38,KRT39,KRT4,KRT40,KRT42P,KRT5,KRT6A,KRT6B,KRT6C,KRT7,KRT71,KRT72,KRT73,KRT74,KRT75,KRT76,KRT77,KRT78,KRT79,KRT8,KRT80,KRT81,KRT82,KRT83,KRT84,KRT85,KRT86,KRT9,KRTAP10-1,KRTAP10-10,KRTAP10-11,KRTAP10-12,KRTAP10-2,KRTAP10-3,KRTAP10-4,KRTAP10-5,KRTAP10-6,KRTAP10-7,KRTAP10-8,KRTAP10-9,KRTAP11-1,KRTAP12-1,KRTAP12-2,KRTAP12-3,KRTAP12-4,KRTAP13-1,KRTAP13-2,KRTAP13-3,KRTAP13-4,KRTAP15-1,KRTAP16-1,KRTAP17-1,KRTAP19-1,KRTAP19-2,KRTAP19-3,KRTAP19-4,KRTAP19-5,KRTAP19-6,KRTAP19-7,KRTAP19-8,KRTAP20-1,KRTAP20-2,KRTAP20-3,KRTAP20-4,KRTAP21-1,KRTAP21-2,KRTAP21-3,KRTAP22-1,KRTAP22-2,KRTAP23-1,KRTAP24-1,KRTAP25-1,KRTAP26-1,KRTAP27-1,KRTAP3-1,KRTAP3-2,KRTAP3-3,KRTAP4-1,KRTAP4-11,KRTAP4-12,KRTAP4-2,KRTAP4-3,KRTAP4-4,KRTAP4-5,KRTAP4-6,KRTAP4-7,KRTAP4-8,KRTAP4-9,KRTAP5-1,KRTAP5-10,KRTAP5-11,KRTAP5-2,KRTAP5-3,KRTAP5-4,KRTAP5-5,KRTAP5-6,KRTAP5-7,KRTAP5-8,KRTAP5-9,KRTAP6-1,KRTAP6-2,KRTAP6-3,KRTAP7-1,KRTAP8-1,KRTAP9-1,KRTAP9-2,KRTAP9-3,KRTAP9-4,KRTAP9-8,KRTAP9-9,KRTCAP2,KRTCAP3,KRTDAP,KSR1,KSR2,KTI12,KTN1,KY,KYNU,L1CAM,L1TD1,L2HGDH,L3MBTL1,L3MBTL2,L3MBTL3,L3MBTL4,LACE1,LACRT,LACTB,LACTB2,LAD1,LAG3,LAGE3,LAIR1,LAIR2,LALBA,LAMA1,LAMA2,LAMA3,LAMA4,LAMA5,LAMB1,LAMB2,LAMB2P1,LAMB3,LAMB4,LAMC1,LAMC2,LAMC3,LAMP1,LAMP2,LAMP3,LAMTOR1,LAMTOR2,LAMTOR3,LANCL1,LANCL2,LANCL3,LAP3,LAPTM4A,LAPTM4B,LAPTM5,LARGE,LARP1,LARP1B,LARP4,LARP4B,LARP6,LARP7,LARS,LARS2,LAS1L,LASP1,LASS1,LASS2,LASS3,LASS4,LASS5,LASS6,LAT,LAT2,LATS1,LATS2,LAX1,LAYN,LBH,LBP,LBR,LBX1,LBX2,LCA5,LCA5L,LCAT,LCE1A,LCE1B,LCE1C,LCE1D,LCE1E,LCE1F,LCE2A,LCE2B,LCE2C,LCE2D,LCE3A,LCE3B,LCE3C,LCE3D,LCE3E,LCE4A,LCE5A,LCE6A,LCK,LCLAT1,LCMT1,LCMT2,LCN1,LCN10,LCN12,LCN15,LCN2,LCN6,LCN8,LCN9,LCNL1,LCOR,LCORL,LCP1,LCP2,LCT,LCTL,LDB1,LDB2,LDB3,LDHA,LDHAL6A,LDHAL6B,LDHB,LDHC,LDHD,LDLR,LDLRAD1,LDLRAD2,LDLRAD3,LDLRAP1,LDOC1,LDOC1L,LEAP2,LECT1,LECT2,LEF1,LEFTY1,LEFTY2,LEKR1,LELP1,LEMD1,LEMD2,LEMD3,LENEP,LENG1,LENG8,LENG9,LEO1,LEP,LEPR,LEPRE1,LEPREL1,LEPREL2,LEPREL4,LEPROT,LEPROTL1,LETM1,LETM2,LETMD1,LEUTX,LFNG,LGALS1,LGALS12,LGALS13,LGALS14,LGALS2,LGALS3,LGALS3BP,LGALS4,LGALS7,LGALS7B,LGALS8,LGALS9,LGALS9B,LGALS9C,LGI1,LGI2,LGI3,LGI4,LGMN,LGR4,LGR5,LGR6,LGSN,LHB,LHCGR,LHFP,LHFPL1,LHFPL2,LHFPL3,LHFPL4,LHFPL5,LHPP,LHX1,LHX2,LHX3,LHX4,LHX5,LHX6,LHX8,LHX9,LIAS,LIF,LIFR,LIG1,LIG3,LIG4,LILRA1,LILRA2,LILRA3,LILRA4,LILRA5,LILRA6,LILRB1,LILRB2,LILRB3,LILRB4,LILRB5,LILRP2,LIM2,LIMA1,LIMCH1,LIMD1,LIMD2,LIME1,LIMK1,LIMK2,LIMS1,LIMS2,LIMS3,LIN28A,LIN28B,LIN37,LIN52,LIN54,LIN7A,LIN7B,LIN7C,LIN9,LINGO1,LINGO2,LINGO3,LINGO4,LINS,LIPA,LIPC,LIPE,LIPF,LIPG,LIPH,LIPI,LIPJ,LIPK,LIPM,LIPN,LIPT1,LIPT2,LITAF,LIX1,LIX1L,LLGL1,LLGL2,LLPH,LMAN1,LMAN1L,LMAN2,LMAN2L,LMBR1,LMBR1L,LMBRD1,LMBRD2,LMCD1,LMF1,LMF2,LMLN,LMNA,LMNB1,LMNB2,LMO1,LMO2,LMO3,LMO4,LMO7,LMOD1,LMOD2,LMOD3,LMTK2,LMTK3,LMX1A,LMX1B,LNP1,LNPEP,LNX1,LNX2,LOH12CR1,LOH12CR2,LONP1,LONP2,LONRF1,LONRF2,LONRF3,LOR,LOX,LOXHD1,LOXL1,LOXL2,LOXL3,LOXL4,LPA,LPAL2,LPAR1,LPAR2,LPAR3,LPAR4,LPAR5,LPAR6,LPCAT1,LPCAT2,LPCAT3,LPCAT4,LPGAT1,LPHN1,LPHN2,LPHN3,LPIN1,LPIN2,LPIN3,LPL,LPO,LPP,LPXN,LRAT,LRBA,LRCH1,LRCH2,LRCH3,LRCH4,LRDD,LRFN1,LRFN2,LRFN3,LRFN4,LRFN5,LRG1,LRGUK,LRIF1,LRIG1,LRIG2,LRIG3,LRIT1,LRIT2,LRIT3,LRMP,LRP1,LRP10,LRP11,LRP12,LRP1B,LRP2,LRP2BP,LRP3,LRP4,LRP5,LRP5L,LRP6,LRP8,LRPAP1,LRPPRC,LRR1,LRRC1,LRRC10,LRRC10B,LRRC14,LRRC14B,LRRC15,LRRC16A,LRRC16B,LRRC17,LRRC18,LRRC19,LRRC2,LRRC20,LRRC23,LRRC24,LRRC25,LRRC26,LRRC27,LRRC28,LRRC29,LRRC3,LRRC30,LRRC31,LRRC32,LRRC33,LRRC34,LRRC36,LRRC37A,LRRC37A2,LRRC37A3,LRRC37A4,LRRC37B,LRRC37BP1,LRRC38,LRRC39,LRRC3B,LRRC4,LRRC40,LRRC41,LRRC42,LRRC43,LRRC45,LRRC46,LRRC47,LRRC48,LRRC49,LRRC4B,LRRC4C,LRRC50,LRRC52,LRRC55,LRRC56,LRRC57,LRRC58,LRRC59,LRRC6,LRRC61,LRRC66,LRRC67,LRRC69,LRRC7,LRRC70,LRRC71,LRRC8A,LRRC8B,LRRC8C,LRRC8D,LRRC8E,LRRCC1,LRRFIP1,LRRFIP2,LRRIQ1,LRRIQ3,LRRIQ4,LRRK1,LRRK2,LRRN1,LRRN2,LRRN3,LRRN4,LRRN4CL,LRRTM1,LRRTM2,LRRTM3,LRRTM4,LRSAM1,LRTM1,LRTM2,LRTOMT,LRWD1,LSAMP,LSG1,LSM1,LSM10,LSM11,LSM12,LSM14A,LSM14B,LSM2,LSM3,LSM4,LSM5,LSM6,LSM7,LSMD1,LSP1,LSR,LSS,LTA,LTA4H,LTB,LTB4R,LTB4R2,LTBP1,LTBP2,LTBP3,LTBP4,LTBR,LTC4S,LTF,LTK,LTN1,LTV1,LUC7L,LUC7L2,LUC7L3,LUM,LUZP1,LUZP2,LUZP4,LUZP6,LXN,LY6D,LY6E,LY6G5B,LY6G5C,LY6G6C,LY6G6D,LY6G6E,LY6G6F,LY6H,LY6K,LY75,LY75-CD302,LY86,LY86-AS1,LY9,LY96,LYAR,LYG1,LYG2,LYL1,LYN,LYNX1,LYPD1,LYPD2,LYPD3,LYPD4,LYPD"
"2011-09-15"	"2.0-16"	"1"	"2"	"2"	"1"	"nndi"	"http://www.medgen.mcgill.ca/nndi/"	"AVP"
"2011-09-11"	"2.0-26"	"1"	"1"	"2"	"1"	"Magdeburg Mutation Database"	"http://www.med.uni-magdeburg.de/lovd/"	"LAMB2"
"2011-07-04"	"2.0-20"	"124"	"181"	"1"	"180"	"snoLOVD"	"http://fishmap2.igib.res.in/snolovd"	"SNORA11B,SNORA12,SNORA13,SNORA16B,SNORA17,SNORA18,SNORA19,SNORA20,SNORA24,SNORA25,SNORA29,SNORA32,SNORA34,SNORA36B,SNORA37,SNORA38,SNORA38B,SNORA39,SNORA43,SNORA44,SNORA45,SNORA46,SNORA51,SNORA53,SNORA54,SNORA5B,SNORA65,SNORA69,SNORA71B,SNORA71C,SNORA71D,SNORA73B,SNORA75,SNORA76,SNORA78,SNORA80,SNORA81,SNORD10,SNORD100,SNORD105,SNORD107,SNORD108,SNORD109B,SNORD110,SNORD111,SNORD114_14,SNORD114_15,SNORD114_16,SNORD114_18,SNORD114_3,SNORD114_31,SNORD114_6,SNORD114_7,SNORD114_9,SNORD115_10,SNORD115_11,SNORD115_12,SNORD115_13,SNORD115_14,SNORD115_15,SNORD115_17,SNORD115_18,SNORD115_20,SNORD115_21,SNORD115_25,SNORD115_29,SNORD115_3,SNORD115_30,SNORD115_32,SNORD115_34,SNORD115_36,SNORD115_4,SNORD115_41,SNORD115_42,SNORD115_44,SNORD115_5,SNORD115_6,SNORD115_8,SNORD116_10,SNORD116_13,SNORD116_17,SNORD116_18,SNORD116_25,SNORD116_4,SNORD116_5,SNORD124,SNORD127,SNORD13,SNORD14A,SNORD14B,SNORD15B,SNORD16,SNORD17,SNORD18A,SNORD18C,SNORD19,SNORD1A,SNORD1B,SNORD21,SNORD23,SNORD25,SNORD29,SNORD35A,SNORD36A,SNORD37,SNORD38A,SNORD45B,SNORD49B,SNORD4B,SNORD54,SNORD55,SNORD65,SNORD68,SNORD70,SNORD73A,SNORD75,SNORD77,SNORD8,SNORD82,SNORD88A,SNORD9,SNORD94,SNORD97,SNORD98"
"2011-08-03"	"2.0-29"	"2"	"1"	"1"	"1"	"PCaMDB - prostate cancer related amino acid mutation database"	"http://www.sysbio.org.cn/pcamdb"	"AR,ELAC2"
"2011-09-15"	"2.0-31"	"2"	"1"	"1"	"1"	"Alzheimer Disease-NDDMD"	"http://ndd.sysbio.org.cn/"	"APP,PSEN1"
"2011-08-14"	"2.0-24"	"1"	"1"	"1"	"1"	"ANO5 LOVD - Leiden Open Variation Database"	"http://www.medgen.mcgill.ca/ANO5/"	"ANO5"
"2011-09-14"	"2.0-31"	"1"	"1"	"1"	"1"	"mitolsdb"	"http://mitolsdb.igib.res.in/"	"MTATP6"
"2011-09-13"	"2.0-32b"	"5"	"0"	"0"	"0"	"University of Heidelberg Serotonin variant database"	"https://grenada.lumc.nl/LOVD2/uni-hd/5-HT/"	"HTR3A,HTR3B,HTR3C,HTR3D,HTR3E"
"2011-09-12"	"2.0-32b"	"5"	"0"	"0"	"0"	"Connective tissue disorders (VUMC Amsterdam)"	"https://grenada.lumc.nl/LOVD2/vumc/CTD/"	"ACTA2,ADAMTS2,COL10A1,COL4A1,MYH11"
"2011-09-12"	"2.0-32b"	"3"	"0"	"0"	"0"	"HEART UCL"	"https://grenada.lumc.nl/LOVD2/UCL-Heart/"	"LDLR,LDLRAP1,PCSK9"
"2011-09-12"	"2.0-31"	"1"	"0"	"0"	"0"	"LOVD - Leiden Open Variation Database"	"https://atlas.cmm.ki.se/LOVDv.2.0/"	"MLH1"
"2011-09-15"	"2.0-32b"	"1"	"0"	"0"	"0"	"University of Heidelberg Transcription factor variant database"	"https://grenada.lumc.nl/LOVD2/uni-hd/TF/"	"SHOX"
"2011-08-30"	"2.0-31"	"1"	"0"	"0"	"0"	"MitoLOVD"	"http://igib.res.in/LOVD"	"ATP6"
"2011-09-14"	"2.0-32b"	"1"	"0"	"0"	"0"	"LOVD - Leiden Open Variation Database"	"http://grenada.lumc.nl/LOVD2/L1CAM/"	"L1CAM"
